{
   "Christianity": [
      "American Samoa",
      "Andorra",
      "Angola",
      "Anguilla",
      "Antigua and Barbuda",
      "Argentina",
      "Armenia",
      "Aruba",
      "Australia",
      "Austria",
      "Bahamas",
      "Barbados",
      "Belarus",
      "Belgium",
      "Belize",
      "Benin",
      "Bermuda",
      "Bolivia",
      "Bosnia and Herzegovina",
      "Botswana",
      "Brazil",
      "British Virgin Islands",
      "Bulgaria",
      "Burundi",
      "Cameroon",
      "Canada",
      "Cape Verde",
      "Caribbean Netherlands",
      "Cayman Islands",
      "Central African Republic",
      "Channel Islands",
      "Chile",
      "Colombia",
      "Congo",
      "Cook Islands",
      "Costa Rica",
      "Cote d'Ivoire",
      "Croatia",
      "Cuba",
      "Curacao",
      "Cyprus",
      "Democratic Republic of Congo",
      "Denmark",
      "Dominica",
      "Dominican Republic",
      "Ecuador",
      "El Salvador",
      "Equatorial Guinea",
      "Eritrea",
      "Ethiopia",
      "Europe",
      "Faeroe Islands",
      "Falkland Islands",
      "Fiji",
      "Finland",
      "France",
      "French Guiana",
      "French Polynesia",
      "Gabon",
      "Georgia",
      "Germany",
      "Ghana",
      "Gibraltar",
      "Greece",
      "Greenland",
      "Grenada",
      "Guadeloupe",
      "Guam",
      "Guatemala",
      "Guyana",
      "Haiti",
      "Honduras",
      "Hungary",
      "Iceland",
      "Ireland",
      "Isle of Man",
      "Italy",
      "Jamaica",
      "Kenya",
      "Kiribati",
      "Latin America-Caribbean",
      "Latvia",
      "Lesotho",
      "Liberia",
      "Liechtenstein",
      "Lithuania",
      "Luxembourg",
      "Macedonia",
      "Madagascar",
      "Malawi",
      "Malta",
      "Marshall Islands",
      "Martinique",
      "Mexico",
      "Micronesia (country)",
      "Moldova",
      "Monaco",
      "Montenegro",
      "Montserrat",
      "Mozambique",
      "Namibia",
      "Nauru",
      "Netherlands",
      "New Caledonia",
      "New Zealand",
      "Nicaragua",
      "Nigeria",
      "Niue",
      "North America",
      "Northern Mariana Islands",
      "Norway",
      "Palau",
      "Panama",
      "Papua New Guinea",
      "Paraguay",
      "Peru",
      "Philippines",
      "Poland",
      "Portugal",
      "Puerto Rico",
      "Reunion",
      "Romania",
      "Russia",
      "Rwanda",
      "Saint Helena",
      "Saint Kitts and Nevis",
      "Saint Lucia",
      "Saint Pierre and Miquelon",
      "Saint Vincent and the Grenadines",
      "Samoa",
      "San Marino",
      "Sao Tome and Principe",
      "Serbia",
      "Seychelles",
      "Sint Maarten (Dutch part)",
      "Slovakia",
      "Slovenia",
      "Solomon Islands",
      "South Africa",
      "South Sudan",
      "Spain",
      "Sub-Saharan Africa",
      "Suriname",
      "Swaziland",
      "Sweden",
      "Switzerland",
      "Tanzania",
      "Timor",
      "Togo",
      "Tokelau",
      "Tonga",
      "Trinidad and Tobago",
      "Turks and Caicos Islands",
      "Tuvalu",
      "Uganda",
      "Ukraine",
      "United Kingdom",
      "United States",
      "United States Virgin Islands",
      "Uruguay",
      "Vanuatu",
      "Vatican",
      "Venezuela",
      "Wallis and Futuna",
      "Zambia",
      "Zimbabwe"
   ],
   "Islam": [
      "Afghanistan",
      "Albania",
      "Algeria",
      "Azerbaijan",
      "Bahrain",
      "Bangladesh",
      "Brunei",
      "Burkina Faso",
      "Chad",
      "Comoros",
      "Djibouti",
      "Egypt",
      "Gambia",
      "Guinea",
      "Guinea-Bissau",
      "Indonesia",
      "Iran",
      "Iraq",
      "Jordan",
      "Kazakhstan",
      "Kosovo",
      "Kuwait",
      "Kyrgyzstan",
      "Lebanon",
      "Libya",
      "Malaysia",
      "Maldives",
      "Mali",
      "Mauritania",
      "Mayotte",
      "Middle East-North Africa",
      "Morocco",
      "Niger",
      "Oman",
      "Pakistan",
      "Palestine",
      "Qatar",
      "Saudi Arabia",
      "Senegal",
      "Sierra Leone",
      "Somalia",
      "Sudan",
      "Syria",
      "Tajikistan",
      "Tunisia",
      "Turkey",
      "Turkmenistan",
      "United Arab Emirates",
      "Uzbekistan",
      "Western Sahara",
      "Yemen"
   ],
   "Folk Religions": [
      "Macao",
      "Taiwan",
      "Vietnam"
   ],
   "Buddhism": [
      "Bhutan",
      "Cambodia",
      "Laos",
      "Mongolia",
      "Myanmar",
      "Singapore",
      "Sri Lanka",
      "Thailand"
   ],
   "Unaffiliated Religions": [
      "China",
      "Czech Republic",
      "Estonia",
      "Hong Kong",
      "Japan",
      "North Korea",
      "South Korea"
   ],
   "Hinduism": [
      "Asia-Pacific",
      "India",
      "Mauritius",
      "Nepal"
   ],
   "Judaism": [
      "Israel"
   ]
}