[
   {
      "name":"Stephen",
      "surname":"Farley",
      "best_score":3,
      "date_and_time":"2021-11-12 12:00:00",
      "email":"aardo@mac.com"
   },
   {
      "name":"Kaylen",
      "surname":"Horne",
      "best_score":4,
      "date_and_time":"2021-11-09 11:00:00",
      "email":"aaribaud@att.net"
   },
   {
      "name":"Carolina",
      "surname":"Randall",
      "best_score":4,
      "date_and_time":"2021-11-14 09:00:00",
      "email":"afeldspar@sbcglobal.net"
   },
   {
      "name":"Ricardo",
      "surname":"Gates",
      "best_score":4,
      "date_and_time":"2021-11-11 12:00:00",
      "email":"agapow@icloud.com"
   },
   {
      "name":"Raven",
      "surname":"Perez",
      "best_score":3,
      "date_and_time":"2021-11-14 09:00:00",
      "email":"ajohnson@outlook.com"
   },
   {
      "name":"Richard",
      "surname":"Hickman",
      "best_score":3,
      "date_and_time":"2021-11-01 11:00:00",
      "email":"alastair@att.net"
   },
   {
      "name":"Dereon",
      "surname":"Molina",
      "best_score":5,
      "date_and_time":"2021-11-02 12:00:00",
      "email":"alastair@msn.com"
   },
   {
      "name":"Glenn",
      "surname":"Haas",
      "best_score":3,
      "date_and_time":"2021-11-11 11:00:00",
      "email":"alhajj@gmail.com"
   },
   {
      "name":"Andres",
      "surname":"Meza",
      "best_score":4,
      "date_and_time":"2021-11-02 10:00:00",
      "email":"amaranth@sbcglobal.net"
   },
   {
      "name":"Marlee",
      "surname":"Orozco",
      "best_score":4,
      "date_and_time":"2021-11-21 11:00:00",
      "email":"andersbr@yahoo.com"
   },
   {
      "name":"Addison",
      "surname":"Nolan",
      "best_score":4,
      "date_and_time":"2021-11-05 12:00:00",
      "email":"andrei@optonline.net"
   },
   {
      "name":"Ronald",
      "surname":"Lawrence",
      "best_score":4,
      "date_and_time":"2021-11-11 12:00:00",
      "email":"aprakash@yahoo.ca"
   },
   {
      "name":"Clayton",
      "surname":"Meadows",
      "best_score":3,
      "date_and_time":"2021-11-15 11:00:00",
      "email":"arathi@comcast.net"
   },
   {
      "name":"Nikolas",
      "surname":"Mckinney",
      "best_score":4,
      "date_and_time":"2021-11-09 12:00:00",
      "email":"arnold@att.net"
   },
   {
      "name":"Viviana",
      "surname":"Mccormick",
      "best_score":4,
      "date_and_time":"2021-11-18 11:00:00",
      "email":"aschmitz@att.net"
   },
   {
      "name":"Lauren",
      "surname":"Horne",
      "best_score":4,
      "date_and_time":"2021-11-09 11:00:00",
      "email":"atmarks@aol.com"
   },
   {
      "name":"Tamia",
      "surname":"Hurst",
      "best_score":5,
      "date_and_time":"2021-11-17 11:00:00",
      "email":"atmarks@live.com"
   },
   {
      "name":"Rubi",
      "surname":"Ortega",
      "best_score":5,
      "date_and_time":"2021-11-15 10:00:00",
      "email":"balchen@att.net"
   },
   {
      "name":"Kellen",
      "surname":"Shannon",
      "best_score":3,
      "date_and_time":"2021-11-15 09:00:00",
      "email":"barnett@hotmail.com"
   },
   {
      "name":"Martin",
      "surname":"Franco",
      "best_score":4,
      "date_and_time":"2021-11-06 12:00:00",
      "email":"barnett@outlook.com"
   },
   {
      "name":"Bryce",
      "surname":"Salinas",
      "best_score":4,
      "date_and_time":"2021-11-16 12:00:00",
      "email":"bartak@me.com"
   },
   {
      "name":"Rey",
      "surname":"Gallegos",
      "best_score":4,
      "date_and_time":"2021-11-14 11:00:00",
      "email":"bastian@sbcglobal.net"
   },
   {
      "name":"Nathaly",
      "surname":"Curry",
      "best_score":5,
      "date_and_time":"2021-11-08 11:00:00",
      "email":"bcevc@yahoo.ca"
   },
   {
      "name":"Jamison",
      "surname":"Shaffer",
      "best_score":3,
      "date_and_time":"2021-11-07 09:00:00",
      "email":"bdbrown@icloud.com"
   },
   {
      "name":"Janae",
      "surname":"Hartman",
      "best_score":5,
      "date_and_time":"2021-11-16 10:00:00",
      "email":"bdthomas@live.com"
   },
   {
      "name":"Tamia",
      "surname":"Medina",
      "best_score":5,
      "date_and_time":"2021-11-17 09:00:00",
      "email":"bescoto@optonline.net"
   },
   {
      "name":"Chase",
      "surname":"Caldwell",
      "best_score":4,
      "date_and_time":"2021-11-17 11:00:00",
      "email":"bester@gmail.com"
   },
   {
      "name":"Cristopher",
      "surname":"Estes",
      "best_score":4,
      "date_and_time":"2021-11-07 10:00:00",
      "email":"biglou@hotmail.com"
   },
   {
      "name":"Jaylon",
      "surname":"Hall",
      "best_score":4,
      "date_and_time":"2021-11-06 12:00:00",
      "email":"bjornk@yahoo.ca"
   },
   {
      "name":"Leonidas",
      "surname":"Ponce",
      "best_score":3,
      "date_and_time":"2021-11-19 12:00:00",
      "email":"bockelboy@comcast.net"
   },
   {
      "name":"Cristina",
      "surname":"Beard",
      "best_score":4,
      "date_and_time":"2021-11-13 10:00:00",
      "email":"bonmots@icloud.com"
   },
   {
      "name":"Adonis",
      "surname":"Malone",
      "best_score":4,
      "date_and_time":"2021-11-12 09:00:00",
      "email":"boser@mac.com"
   },
   {
      "name":"Clara",
      "surname":"Cox",
      "best_score":3,
      "date_and_time":"2021-11-06 11:00:00",
      "email":"bowmanbs@sbcglobal.net"
   },
   {
      "name":"Nola",
      "surname":"Blair",
      "best_score":4,
      "date_and_time":"2021-11-12 12:00:00",
      "email":"british@msn.com"
   },
   {
      "name":"Patience",
      "surname":"Carrillo",
      "best_score":5,
      "date_and_time":"2021-11-14 12:00:00",
      "email":"british@sbcglobal.net"
   },
   {
      "name":"Jamir",
      "surname":"Fitzgerald",
      "best_score":4,
      "date_and_time":"2021-11-18 11:00:00",
      "email":"bsikdar@hotmail.com"
   },
   {
      "name":"Dillan",
      "surname":"Ware",
      "best_score":5,
      "date_and_time":"2021-11-04 11:00:00",
      "email":"burniske@aol.com"
   },
   {
      "name":"Cason",
      "surname":"Levine",
      "best_score":4,
      "date_and_time":"2021-11-18 12:00:00",
      "email":"burniske@verizon.net"
   },
   {
      "name":"Boston",
      "surname":"Noble",
      "best_score":3,
      "date_and_time":"2021-11-14 09:00:00",
      "email":"bwcarty@yahoo.com"
   },
   {
      "name":"Cheyanne",
      "surname":"Barajas",
      "best_score":5,
      "date_and_time":"2021-11-10 09:00:00",
      "email":"campbell@aol.com"
   },
   {
      "name":"Teagan",
      "surname":"Bentley",
      "best_score":3,
      "date_and_time":"2021-11-21 12:00:00",
      "email":"cantu@live.com"
   },
   {
      "name":"Dashawn",
      "surname":"Cordova",
      "best_score":4,
      "date_and_time":"2021-11-12 11:00:00",
      "email":"carcus@att.net"
   },
   {
      "name":"Denzel",
      "surname":"Brown",
      "best_score":5,
      "date_and_time":"2021-11-15 11:00:00",
      "email":"carmena@att.net"
   },
   {
      "name":"Leia",
      "surname":"Bond",
      "best_score":5,
      "date_and_time":"2021-11-09 10:00:00",
      "email":"carmena@hotmail.com"
   },
   {
      "name":"Reece",
      "surname":"Boyle",
      "best_score":4,
      "date_and_time":"2021-11-06 10:00:00",
      "email":"caronni@me.com"
   },
   {
      "name":"Carmelo",
      "surname":"Mullen",
      "best_score":3,
      "date_and_time":"2021-11-14 10:00:00",
      "email":"catalog@yahoo.ca"
   },
   {
      "name":"Andre",
      "surname":"Wright",
      "best_score":4,
      "date_and_time":"2021-11-06 09:00:00",
      "email":"cfhsoft@verizon.net"
   },
   {
      "name":"Natalia",
      "surname":"Bridges",
      "best_score":3,
      "date_and_time":"2021-11-15 09:00:00",
      "email":"cgarcia@att.net"
   },
   {
      "name":"Roselyn",
      "surname":"Meyer",
      "best_score":4,
      "date_and_time":"2021-11-12 09:00:00",
      "email":"cgreuter@me.com"
   },
   {
      "name":"Nevaeh",
      "surname":"Rhodes",
      "best_score":3,
      "date_and_time":"2021-11-15 12:00:00",
      "email":"chaikin@verizon.net"
   },
   {
      "name":"Azaria",
      "surname":"Richards",
      "best_score":5,
      "date_and_time":"2021-11-05 11:00:00",
      "email":"chance@yahoo.ca"
   },
   {
      "name":"Emmalee",
      "surname":"Wise",
      "best_score":4,
      "date_and_time":"2021-11-08 11:00:00",
      "email":"chrisj@att.net"
   },
   {
      "name":"Johnathon",
      "surname":"Huffman",
      "best_score":4,
      "date_and_time":"2021-11-11 09:00:00",
      "email":"chrisj@hotmail.com"
   },
   {
      "name":"Camron",
      "surname":"Haynes",
      "best_score":3,
      "date_and_time":"2021-11-04 09:00:00",
      "email":"chrisk@outlook.com"
   },
   {
      "name":"Kimberly",
      "surname":"Wiley",
      "best_score":3,
      "date_and_time":"2021-11-16 09:00:00",
      "email":"chunzi@mac.com"
   },
   {
      "name":"Caitlin",
      "surname":"Kirk",
      "best_score":4,
      "date_and_time":"2021-11-17 10:00:00",
      "email":"claypool@att.net"
   },
   {
      "name":"Chloe",
      "surname":"Wu",
      "best_score":5,
      "date_and_time":"2021-11-11 12:00:00",
      "email":"comdig@hotmail.com"
   },
   {
      "name":"Carina",
      "surname":"Skinner",
      "best_score":3,
      "date_and_time":"2021-11-08 11:00:00",
      "email":"comdig@icloud.com"
   },
   {
      "name":"Pedro",
      "surname":"Mata",
      "best_score":3,
      "date_and_time":"2021-11-12 11:00:00",
      "email":"conteb@mac.com"
   },
   {
      "name":"Priscilla",
      "surname":"Osborne",
      "best_score":3,
      "date_and_time":"2021-11-20 09:00:00",
      "email":"corrada@mac.com"
   },
   {
      "name":"Kamari",
      "surname":"Fowler",
      "best_score":3,
      "date_and_time":"2021-11-14 11:00:00",
      "email":"corrada@sbcglobal.net"
   },
   {
      "name":"Susan",
      "surname":"Larson",
      "best_score":3,
      "date_and_time":"2021-11-06 12:00:00",
      "email":"cosimo@aol.com"
   },
   {
      "name":"Avah",
      "surname":"Hill",
      "best_score":4,
      "date_and_time":"2021-11-11 10:00:00",
      "email":"cosimo@verizon.net"
   },
   {
      "name":"Imani",
      "surname":"Knapp",
      "best_score":5,
      "date_and_time":"2021-11-12 12:00:00",
      "email":"cparis@me.com"
   },
   {
      "name":"Talon",
      "surname":"Carrillo",
      "best_score":3,
      "date_and_time":"2021-11-21 12:00:00",
      "email":"credmond@yahoo.ca"
   },
   {
      "name":"Caiden",
      "surname":"Reyes",
      "best_score":3,
      "date_and_time":"2021-11-19 12:00:00",
      "email":"crimsane@att.net"
   },
   {
      "name":"Sylvia",
      "surname":"Chandler",
      "best_score":5,
      "date_and_time":"2021-11-20 09:00:00",
      "email":"crowemojo@aol.com"
   },
   {
      "name":"Jorden",
      "surname":"Henry",
      "best_score":5,
      "date_and_time":"2021-11-20 12:00:00",
      "email":"crowl@att.net"
   },
   {
      "name":"Paris",
      "surname":"Conner",
      "best_score":4,
      "date_and_time":"2021-11-10 09:00:00",
      "email":"crowl@yahoo.ca"
   },
   {
      "name":"Ariel",
      "surname":"Byrd",
      "best_score":3,
      "date_and_time":"2021-11-12 09:00:00",
      "email":"csilvers@gmail.com"
   },
   {
      "name":"Khalil",
      "surname":"Owen",
      "best_score":5,
      "date_and_time":"2021-11-10 09:00:00",
      "email":"cyrus@live.com"
   },
   {
      "name":"Annabella",
      "surname":"Mccoy",
      "best_score":3,
      "date_and_time":"2021-11-16 10:00:00",
      "email":"danny@yahoo.ca"
   },
   {
      "name":"Eliana",
      "surname":"Weber",
      "best_score":5,
      "date_and_time":"2021-11-10 09:00:00",
      "email":"dbanarse@yahoo.com"
   },
   {
      "name":"Sammy",
      "surname":"Contreras",
      "best_score":3,
      "date_and_time":"2021-11-21 09:00:00",
      "email":"dbrobins@yahoo.com"
   },
   {
      "name":"Camron",
      "surname":"Henderson",
      "best_score":3,
      "date_and_time":"2021-11-10 12:00:00",
      "email":"dburrows@verizon.net"
   },
   {
      "name":"Laila",
      "surname":"Hendricks",
      "best_score":4,
      "date_and_time":"2021-11-07 10:00:00",
      "email":"denism@hotmail.com"
   },
   {
      "name":"Sloane",
      "surname":"Bowen",
      "best_score":5,
      "date_and_time":"2021-11-14 09:00:00",
      "email":"dexter@me.com"
   },
   {
      "name":"Rory",
      "surname":"Burnett",
      "best_score":4,
      "date_and_time":"2021-11-13 12:00:00",
      "email":"dhwon@yahoo.com"
   },
   {
      "name":"Leyla",
      "surname":"Sparks",
      "best_score":3,
      "date_and_time":"2021-11-10 10:00:00",
      "email":"dimensio@sbcglobal.net"
   },
   {
      "name":"Maverick",
      "surname":"Clayton",
      "best_score":4,
      "date_and_time":"2021-11-10 12:00:00",
      "email":"dinther@aol.com"
   },
   {
      "name":"Azaria",
      "surname":"Harrison",
      "best_score":3,
      "date_and_time":"2021-11-01 11:00:00",
      "email":"dodong@outlook.com"
   },
   {
      "name":"Zachery",
      "surname":"David",
      "best_score":4,
      "date_and_time":"2021-11-21 11:00:00",
      "email":"donev@live.com"
   },
   {
      "name":"Edwin",
      "surname":"Good",
      "best_score":4,
      "date_and_time":"2021-11-11 10:00:00",
      "email":"doormat@gmail.com"
   },
   {
      "name":"Todd",
      "surname":"Liu",
      "best_score":3,
      "date_and_time":"2021-11-11 10:00:00",
      "email":"dpitts@yahoo.ca"
   },
   {
      "name":"Amiyah",
      "surname":"West",
      "best_score":3,
      "date_and_time":"2021-11-11 11:00:00",
      "email":"draper@icloud.com"
   },
   {
      "name":"Abril",
      "surname":"Schmitt",
      "best_score":5,
      "date_and_time":"2021-11-12 11:00:00",
      "email":"draper@me.com"
   },
   {
      "name":"Livia",
      "surname":"Donaldson",
      "best_score":4,
      "date_and_time":"2021-11-05 10:00:00",
      "email":"drhyde@aol.com"
   },
   {
      "name":"Princess",
      "surname":"Spence",
      "best_score":4,
      "date_and_time":"2021-11-01 11:00:00",
      "email":"druschel@verizon.net"
   },
   {
      "name":"Payton",
      "surname":"Lewis",
      "best_score":4,
      "date_and_time":"2021-11-08 11:00:00",
      "email":"ducasse@msn.com"
   },
   {
      "name":"Francis",
      "surname":"Gray",
      "best_score":5,
      "date_and_time":"2021-11-15 11:00:00",
      "email":"dvdotnet@comcast.net"
   },
   {
      "name":"Colton",
      "surname":"Contreras",
      "best_score":5,
      "date_and_time":"2021-11-01 12:00:00",
      "email":"dvdotnet@hotmail.com"
   },
   {
      "name":"Aleah",
      "surname":"Vincent",
      "best_score":5,
      "date_and_time":"2021-11-05 12:00:00",
      "email":"eabrown@hotmail.com"
   },
   {
      "name":"Santos",
      "surname":"Fields",
      "best_score":4,
      "date_and_time":"2021-11-15 09:00:00",
      "email":"eegsa@live.com"
   },
   {
      "name":"Darnell",
      "surname":"Kelley",
      "best_score":4,
      "date_and_time":"2021-11-20 12:00:00",
      "email":"elflord@optonline.net"
   },
   {
      "name":"Patience",
      "surname":"Morris",
      "best_score":4,
      "date_and_time":"2021-11-07 11:00:00",
      "email":"emmanuel@att.net"
   },
   {
      "name":"Aiden",
      "surname":"Proctor",
      "best_score":4,
      "date_and_time":"2021-11-02 11:00:00",
      "email":"enintend@verizon.net"
   },
   {
      "name":"Kennedi",
      "surname":"Mullins",
      "best_score":4,
      "date_and_time":"2021-11-10 10:00:00",
      "email":"epeeist@outlook.com"
   },
   {
      "name":"Reyna",
      "surname":"Clark",
      "best_score":4,
      "date_and_time":"2021-11-04 10:00:00",
      "email":"errxn@live.com"
   },
   {
      "name":"Elliana",
      "surname":"Farrell",
      "best_score":4,
      "date_and_time":"2021-11-02 09:00:00",
      "email":"erynf@att.net"
   },
   {
      "name":"Dale",
      "surname":"Santos",
      "best_score":4,
      "date_and_time":"2021-11-18 11:00:00",
      "email":"erynf@hotmail.com"
   },
   {
      "name":"Jovani",
      "surname":"Holden",
      "best_score":5,
      "date_and_time":"2021-11-07 12:00:00",
      "email":"esokullu@comcast.net"
   },
   {
      "name":"Richard",
      "surname":"Hines",
      "best_score":4,
      "date_and_time":"2021-11-15 10:00:00",
      "email":"esokullu@me.com"
   },
   {
      "name":"Josie",
      "surname":"Daniel",
      "best_score":3,
      "date_and_time":"2021-11-15 09:00:00",
      "email":"eurohack@outlook.com"
   },
   {
      "name":"Macey",
      "surname":"Aguilar",
      "best_score":4,
      "date_and_time":"2021-11-14 11:00:00",
      "email":"evilopie@aol.com"
   },
   {
      "name":"Cynthia",
      "surname":"Sheppard",
      "best_score":4,
      "date_and_time":"2021-11-15 12:00:00",
      "email":"evilopie@att.net"
   },
   {
      "name":"Bo",
      "surname":"Bell",
      "best_score":4,
      "date_and_time":"2021-11-13 09:00:00",
      "email":"falcao@verizon.net"
   },
   {
      "name":"Arturo",
      "surname":"Fritz",
      "best_score":4,
      "date_and_time":"2021-11-10 12:00:00",
      "email":"fallorn@att.net"
   },
   {
      "name":"Chelsea",
      "surname":"Sanford",
      "best_score":4,
      "date_and_time":"2021-11-06 11:00:00",
      "email":"fallorn@comcast.net"
   },
   {
      "name":"Emilio",
      "surname":"Mathews",
      "best_score":3,
      "date_and_time":"2021-11-11 09:00:00",
      "email":"fallorn@yahoo.com"
   },
   {
      "name":"Deon",
      "surname":"Contreras",
      "best_score":5,
      "date_and_time":"2021-11-20 11:00:00",
      "email":"feamster@icloud.com"
   },
   {
      "name":"Deangelo",
      "surname":"Nolan",
      "best_score":5,
      "date_and_time":"2021-11-10 12:00:00",
      "email":"feamster@yahoo.com"
   },
   {
      "name":"Kai",
      "surname":"Melton",
      "best_score":5,
      "date_and_time":"2021-11-16 09:00:00",
      "email":"firstpr@att.net"
   },
   {
      "name":"Zackary",
      "surname":"Holland",
      "best_score":4,
      "date_and_time":"2021-11-15 12:00:00",
      "email":"flakeg@gmail.com"
   },
   {
      "name":"Fernanda",
      "surname":"Gonzales",
      "best_score":5,
      "date_and_time":"2021-11-09 11:00:00",
      "email":"floxy@att.net"
   },
   {
      "name":"Dante",
      "surname":"Mason",
      "best_score":5,
      "date_and_time":"2021-11-14 09:00:00",
      "email":"fluffy@me.com"
   },
   {
      "name":"Kyla",
      "surname":"Molina",
      "best_score":5,
      "date_and_time":"2021-11-09 11:00:00",
      "email":"fmtbebuck@hotmail.com"
   },
   {
      "name":"Nash",
      "surname":"Gordon",
      "best_score":5,
      "date_and_time":"2021-11-04 09:00:00",
      "email":"fraser@yahoo.com"
   },
   {
      "name":"Aubrie",
      "surname":"Dorsey",
      "best_score":4,
      "date_and_time":"2021-11-07 10:00:00",
      "email":"frikazoyd@aol.com"
   },
   {
      "name":"Zoey",
      "surname":"Ellison",
      "best_score":3,
      "date_and_time":"2021-11-10 09:00:00",
      "email":"froodian@icloud.com"
   },
   {
      "name":"Karissa",
      "surname":"Duke",
      "best_score":5,
      "date_and_time":"2021-11-14 11:00:00",
      "email":"froodian@yahoo.ca"
   },
   {
      "name":"Serena",
      "surname":"Mathews",
      "best_score":4,
      "date_and_time":"2021-11-20 10:00:00",
      "email":"fwiles@att.net"
   },
   {
      "name":"Elsa",
      "surname":"Meyers",
      "best_score":4,
      "date_and_time":"2021-11-10 12:00:00",
      "email":"gamma@hotmail.com"
   },
   {
      "name":"Aryanna",
      "surname":"Huber",
      "best_score":3,
      "date_and_time":"2021-11-18 12:00:00",
      "email":"garland@yahoo.ca"
   },
   {
      "name":"Turner",
      "surname":"Oneill",
      "best_score":4,
      "date_and_time":"2021-11-20 11:00:00",
      "email":"gavollink@msn.com"
   },
   {
      "name":"Luca",
      "surname":"Hawkins",
      "best_score":4,
      "date_and_time":"2021-11-06 10:00:00",
      "email":"gbacon@hotmail.com"
   },
   {
      "name":"Ramiro",
      "surname":"Price",
      "best_score":4,
      "date_and_time":"2021-11-21 12:00:00",
      "email":"geekgrl@me.com"
   },
   {
      "name":"Lawson",
      "surname":"Hooper",
      "best_score":3,
      "date_and_time":"2021-11-10 11:00:00",
      "email":"geekoid@live.com"
   },
   {
      "name":"Alessandro",
      "surname":"Conway",
      "best_score":3,
      "date_and_time":"2021-11-11 10:00:00",
      "email":"gerlo@icloud.com"
   },
   {
      "name":"Jenny",
      "surname":"Lawson",
      "best_score":4,
      "date_and_time":"2021-11-08 11:00:00",
      "email":"goldberg@att.net"
   },
   {
      "name":"Amiya",
      "surname":"Serrano",
      "best_score":5,
      "date_and_time":"2021-11-10 12:00:00",
      "email":"gomor@outlook.com"
   },
   {
      "name":"Mckenna",
      "surname":"Vargas",
      "best_score":3,
      "date_and_time":"2021-11-06 12:00:00",
      "email":"gordonjcp@verizon.net"
   },
   {
      "name":"Rhys",
      "surname":"Delacruz",
      "best_score":4,
      "date_and_time":"2021-11-09 12:00:00",
      "email":"grinder@verizon.net"
   },
   {
      "name":"Jake",
      "surname":"Lloyd",
      "best_score":4,
      "date_and_time":"2021-11-06 12:00:00",
      "email":"grolschie@me.com"
   },
   {
      "name":"Dayton",
      "surname":"Davis",
      "best_score":5,
      "date_and_time":"2021-11-18 09:00:00",
      "email":"grossman@aol.com"
   },
   {
      "name":"Leilani",
      "surname":"Barajas",
      "best_score":4,
      "date_and_time":"2021-11-09 10:00:00",
      "email":"grossman@yahoo.ca"
   },
   {
      "name":"Janiah",
      "surname":"Morton",
      "best_score":5,
      "date_and_time":"2021-11-15 10:00:00",
      "email":"grothoff@yahoo.com"
   },
   {
      "name":"Jasmine",
      "surname":"Villarreal",
      "best_score":5,
      "date_and_time":"2021-11-07 11:00:00",
      "email":"gslondon@optonline.net"
   },
   {
      "name":"Kira",
      "surname":"Ayala",
      "best_score":4,
      "date_and_time":"2021-11-11 12:00:00",
      "email":"guialbu@icloud.com"
   },
   {
      "name":"Stephen",
      "surname":"Hester",
      "best_score":4,
      "date_and_time":"2021-11-06 10:00:00",
      "email":"hachi@outlook.com"
   },
   {
      "name":"Ian",
      "surname":"Salas",
      "best_score":5,
      "date_and_time":"2021-11-16 10:00:00",
      "email":"hahsler@msn.com"
   },
   {
      "name":"Bailee",
      "surname":"Bowman",
      "best_score":3,
      "date_and_time":"2021-11-17 09:00:00",
      "email":"hamilton@aol.com"
   },
   {
      "name":"Jaden",
      "surname":"Palmer",
      "best_score":4,
      "date_and_time":"2021-11-15 12:00:00",
      "email":"hamilton@comcast.net"
   },
   {
      "name":"Cael",
      "surname":"Olson",
      "best_score":5,
      "date_and_time":"2021-11-07 12:00:00",
      "email":"hampton@yahoo.ca"
   },
   {
      "name":"Jaxon",
      "surname":"Greene",
      "best_score":5,
      "date_and_time":"2021-11-16 12:00:00",
      "email":"hauma@outlook.com"
   },
   {
      "name":"Genesis",
      "surname":"Zuniga",
      "best_score":4,
      "date_and_time":"2021-11-10 12:00:00",
      "email":"heckerman@comcast.net"
   },
   {
      "name":"Carl",
      "surname":"Walker",
      "best_score":4,
      "date_and_time":"2021-11-11 10:00:00",
      "email":"hedwig@optonline.net"
   },
   {
      "name":"Steven",
      "surname":"Murphy",
      "best_score":5,
      "date_and_time":"2021-11-15 11:00:00",
      "email":"henkp@verizon.net"
   },
   {
      "name":"Titus",
      "surname":"Hodge",
      "best_score":4,
      "date_and_time":"2021-11-06 10:00:00",
      "email":"hermanab@optonline.net"
   },
   {
      "name":"Quinn",
      "surname":"Kelley",
      "best_score":4,
      "date_and_time":"2021-11-20 09:00:00",
      "email":"hikoza@sbcglobal.net"
   },
   {
      "name":"Isabel",
      "surname":"Decker",
      "best_score":4,
      "date_and_time":"2021-11-12 11:00:00",
      "email":"hikoza@yahoo.ca"
   },
   {
      "name":"Reagan",
      "surname":"York",
      "best_score":3,
      "date_and_time":"2021-11-12 11:00:00",
      "email":"hillct@verizon.net"
   },
   {
      "name":"Maximilian",
      "surname":"Mcdonald",
      "best_score":5,
      "date_and_time":"2021-11-08 12:00:00",
      "email":"hllam@mac.com"
   },
   {
      "name":"Armani",
      "surname":"Davis",
      "best_score":5,
      "date_and_time":"2021-11-06 10:00:00",
      "email":"hmbrand@att.net"
   },
   {
      "name":"Cruz",
      "surname":"Schaefer",
      "best_score":5,
      "date_and_time":"2021-11-02 11:00:00",
      "email":"hoangle@outlook.com"
   },
   {
      "name":"Iris",
      "surname":"Leonard",
      "best_score":4,
      "date_and_time":"2021-11-06 10:00:00",
      "email":"hoyer@outlook.com"
   },
   {
      "name":"Davian",
      "surname":"Cross",
      "best_score":4,
      "date_and_time":"2021-11-10 10:00:00",
      "email":"hstiles@verizon.net"
   },
   {
      "name":"Kael",
      "surname":"Clements",
      "best_score":3,
      "date_and_time":"2021-11-07 09:00:00",
      "email":"hyper@hotmail.com"
   },
   {
      "name":"Camden",
      "surname":"Roberts",
      "best_score":4,
      "date_and_time":"2021-11-10 12:00:00",
      "email":"iamcal@me.com"
   },
   {
      "name":"Brayan",
      "surname":"Molina",
      "best_score":4,
      "date_and_time":"2021-11-08 12:00:00",
      "email":"ianbuck@live.com"
   },
   {
      "name":"Kaeden",
      "surname":"Cooper",
      "best_score":4,
      "date_and_time":"2021-11-06 12:00:00",
      "email":"iapetus@live.com"
   },
   {
      "name":"Arturo",
      "surname":"Bradford",
      "best_score":4,
      "date_and_time":"2021-11-18 09:00:00",
      "email":"ilikered@hotmail.com"
   },
   {
      "name":"Walker",
      "surname":"Nixon",
      "best_score":5,
      "date_and_time":"2021-11-13 10:00:00",
      "email":"imightb@mac.com"
   },
   {
      "name":"Nathaly",
      "surname":"Herman",
      "best_score":4,
      "date_and_time":"2021-11-13 10:00:00",
      "email":"isaacson@comcast.net"
   },
   {
      "name":"Antwan",
      "surname":"Hamilton",
      "best_score":4,
      "date_and_time":"2021-11-01 11:00:00",
      "email":"isaacson@hotmail.com"
   },
   {
      "name":"Sariah",
      "surname":"Arellano",
      "best_score":5,
      "date_and_time":"2021-11-11 09:00:00",
      "email":"isaacson@me.com"
   },
   {
      "name":"Anastasia",
      "surname":"Carpenter",
      "best_score":5,
      "date_and_time":"2021-11-16 12:00:00",
      "email":"ismail@gmail.com"
   },
   {
      "name":"Allie",
      "surname":"Morris",
      "best_score":3,
      "date_and_time":"2021-11-08 12:00:00",
      "email":"ismail@icloud.com"
   },
   {
      "name":"Logan",
      "surname":"Snow",
      "best_score":5,
      "date_and_time":"2021-11-19 10:00:00",
      "email":"isorashi@hotmail.com"
   },
   {
      "name":"Carlo",
      "surname":"Melendez",
      "best_score":3,
      "date_and_time":"2021-11-10 12:00:00",
      "email":"isorashi@live.com"
   },
   {
      "name":"Jaydon",
      "surname":"Kelly",
      "best_score":4,
      "date_and_time":"2021-11-05 09:00:00",
      "email":"jaarnial@comcast.net"
   },
   {
      "name":"Yandel",
      "surname":"Harrington",
      "best_score":3,
      "date_and_time":"2021-11-13 12:00:00",
      "email":"jandrese@gmail.com"
   },
   {
      "name":"Ezequiel",
      "surname":"Barrett",
      "best_score":5,
      "date_and_time":"2021-11-05 11:00:00",
      "email":"jaxweb@mac.com"
   },
   {
      "name":"Zechariah",
      "surname":"Jensen",
      "best_score":3,
      "date_and_time":"2021-11-04 12:00:00",
      "email":"jaxweb@msn.com"
   },
   {
      "name":"Lacey",
      "surname":"Freeman",
      "best_score":4,
      "date_and_time":"2021-11-15 10:00:00",
      "email":"jbailie@optonline.net"
   },
   {
      "name":"Ruben",
      "surname":"Harrington",
      "best_score":4,
      "date_and_time":"2021-11-14 09:00:00",
      "email":"jbarta@yahoo.com"
   },
   {
      "name":"Jacey",
      "surname":"Cuevas",
      "best_score":5,
      "date_and_time":"2021-11-06 10:00:00",
      "email":"jbryan@mac.com"
   },
   {
      "name":"Linda",
      "surname":"Howe",
      "best_score":4,
      "date_and_time":"2021-11-12 10:00:00",
      "email":"jcholewa@sbcglobal.net"
   },
   {
      "name":"Meadow",
      "surname":"Barron",
      "best_score":4,
      "date_and_time":"2021-11-06 10:00:00",
      "email":"jelmer@att.net"
   },
   {
      "name":"Christine",
      "surname":"Macdonald",
      "best_score":5,
      "date_and_time":"2021-11-06 11:00:00",
      "email":"jeteve@aol.com"
   },
   {
      "name":"Osvaldo",
      "surname":"Scott",
      "best_score":5,
      "date_and_time":"2021-11-08 12:00:00",
      "email":"jeteve@icloud.com"
   },
   {
      "name":"Naomi",
      "surname":"Mccall",
      "best_score":3,
      "date_and_time":"2021-11-08 10:00:00",
      "email":"jeteve@mac.com"
   },
   {
      "name":"Roland",
      "surname":"Wiley",
      "best_score":3,
      "date_and_time":"2021-11-21 10:00:00",
      "email":"jfinke@att.net"
   },
   {
      "name":"Turner",
      "surname":"Bradford",
      "best_score":5,
      "date_and_time":"2021-11-10 09:00:00",
      "email":"jfinke@mac.com"
   },
   {
      "name":"Ava",
      "surname":"Cunningham",
      "best_score":5,
      "date_and_time":"2021-11-11 12:00:00",
      "email":"jfriedl@yahoo.ca"
   },
   {
      "name":"Sterling",
      "surname":"Arellano",
      "best_score":4,
      "date_and_time":"2021-11-14 09:00:00",
      "email":"jigsaw@hotmail.com"
   },
   {
      "name":"Timothy",
      "surname":"Calderon",
      "best_score":4,
      "date_and_time":"2021-11-11 10:00:00",
      "email":"jimmichie@sbcglobal.net"
   },
   {
      "name":"Hugo",
      "surname":"Hahn",
      "best_score":3,
      "date_and_time":"2021-11-13 11:00:00",
      "email":"jimxugle@gmail.com"
   },
   {
      "name":"Donte",
      "surname":"Fleming",
      "best_score":4,
      "date_and_time":"2021-11-12 12:00:00",
      "email":"jkegl@att.net"
   },
   {
      "name":"Melina",
      "surname":"Barton",
      "best_score":3,
      "date_and_time":"2021-11-18 12:00:00",
      "email":"jkegl@icloud.com"
   },
   {
      "name":"Genevieve",
      "surname":"Strickland",
      "best_score":4,
      "date_and_time":"2021-11-15 12:00:00",
      "email":"jlbaumga@verizon.net"
   },
   {
      "name":"Angelique",
      "surname":"Herrera",
      "best_score":3,
      "date_and_time":"2021-11-10 11:00:00",
      "email":"jnolan@aol.com"
   },
   {
      "name":"Angelina",
      "surname":"Hurley",
      "best_score":4,
      "date_and_time":"2021-11-01 12:00:00",
      "email":"jnolan@outlook.com"
   },
   {
      "name":"Alessandra",
      "surname":"Bright",
      "best_score":3,
      "date_and_time":"2021-11-10 11:00:00",
      "email":"joehall@me.com"
   },
   {
      "name":"Adalyn",
      "surname":"Weiss",
      "best_score":5,
      "date_and_time":"2021-11-16 12:00:00",
      "email":"joehall@verizon.net"
   },
   {
      "name":"Rene",
      "surname":"Burns",
      "best_score":5,
      "date_and_time":"2021-11-08 10:00:00",
      "email":"johndo@live.com"
   },
   {
      "name":"Jacqueline",
      "surname":"Abbott",
      "best_score":4,
      "date_and_time":"2021-11-14 09:00:00",
      "email":"jonadab@mac.com"
   },
   {
      "name":"Aarav",
      "surname":"Liu",
      "best_score":5,
      "date_and_time":"2021-11-15 09:00:00",
      "email":"jorgb@optonline.net"
   },
   {
      "name":"Cayden",
      "surname":"Jacobson",
      "best_score":3,
      "date_and_time":"2021-11-09 11:00:00",
      "email":"jpflip@outlook.com"
   },
   {
      "name":"Fletcher",
      "surname":"Shelton",
      "best_score":3,
      "date_and_time":"2021-11-01 12:00:00",
      "email":"jramio@comcast.net"
   },
   {
      "name":"Taryn",
      "surname":"Sandoval",
      "best_score":4,
      "date_and_time":"2021-11-02 11:00:00",
      "email":"jrifkin@me.com"
   },
   {
      "name":"Declan",
      "surname":"Melendez",
      "best_score":5,
      "date_and_time":"2021-11-13 11:00:00",
      "email":"jsbach@optonline.net"
   },
   {
      "name":"Valery",
      "surname":"Sims",
      "best_score":4,
      "date_and_time":"2021-11-06 11:00:00",
      "email":"jtorkbob@mac.com"
   },
   {
      "name":"Brooks",
      "surname":"Woods",
      "best_score":5,
      "date_and_time":"2021-11-15 12:00:00",
      "email":"juliano@att.net"
   },
   {
      "name":"Deborah",
      "surname":"Villarreal",
      "best_score":3,
      "date_and_time":"2021-11-11 09:00:00",
      "email":"juliano@hotmail.com"
   },
   {
      "name":"Maddox",
      "surname":"Blake",
      "best_score":4,
      "date_and_time":"2021-11-08 10:00:00",
      "email":"jwarren@aol.com"
   },
   {
      "name":"Gerardo",
      "surname":"Carr",
      "best_score":4,
      "date_and_time":"2021-11-18 10:00:00",
      "email":"jwarren@comcast.net"
   },
   {
      "name":"Angie",
      "surname":"Barker",
      "best_score":4,
      "date_and_time":"2021-11-20 11:00:00",
      "email":"jwarren@live.com"
   },
   {
      "name":"Karsyn",
      "surname":"Lowe",
      "best_score":3,
      "date_and_time":"2021-11-10 09:00:00",
      "email":"kaiser@comcast.net"
   },
   {
      "name":"Nico",
      "surname":"Pratt",
      "best_score":5,
      "date_and_time":"2021-11-02 10:00:00",
      "email":"kalpol@verizon.net"
   },
   {
      "name":"Maverick",
      "surname":"Acevedo",
      "best_score":4,
      "date_and_time":"2021-11-12 10:00:00",
      "email":"kassiesa@comcast.net"
   },
   {
      "name":"Aron",
      "surname":"Allison",
      "best_score":4,
      "date_and_time":"2021-11-15 10:00:00",
      "email":"kawasaki@optonline.net"
   },
   {
      "name":"Yasmine",
      "surname":"Weaver",
      "best_score":4,
      "date_and_time":"2021-11-16 09:00:00",
      "email":"keiji@me.com"
   },
   {
      "name":"Kiera",
      "surname":"Sexton",
      "best_score":4,
      "date_and_time":"2021-11-07 09:00:00",
      "email":"kempsonc@optonline.net"
   },
   {
      "name":"Erick",
      "surname":"Morton",
      "best_score":4,
      "date_and_time":"2021-11-17 10:00:00",
      "email":"kevinm@sbcglobal.net"
   },
   {
      "name":"Brisa",
      "surname":"Reynolds",
      "best_score":4,
      "date_and_time":"2021-11-07 11:00:00",
      "email":"khris@comcast.net"
   },
   {
      "name":"Enrique",
      "surname":"Castro",
      "best_score":3,
      "date_and_time":"2021-11-16 12:00:00",
      "email":"kidehen@me.com"
   },
   {
      "name":"Humberto",
      "surname":"Burgess",
      "best_score":5,
      "date_and_time":"2021-11-09 10:00:00",
      "email":"kingjoshi@mac.com"
   },
   {
      "name":"Gerardo",
      "surname":"Marks",
      "best_score":4,
      "date_and_time":"2021-11-11 10:00:00",
      "email":"kmiller@gmail.com"
   },
   {
      "name":"Paola",
      "surname":"Dudley",
      "best_score":5,
      "date_and_time":"2021-11-04 10:00:00",
      "email":"kmself@yahoo.com"
   },
   {
      "name":"Parker",
      "surname":"Boyle",
      "best_score":5,
      "date_and_time":"2021-11-13 09:00:00",
      "email":"kosact@verizon.net"
   },
   {
      "name":"Hamza",
      "surname":"Morgan",
      "best_score":5,
      "date_and_time":"2021-11-12 11:00:00",
      "email":"kostas@outlook.com"
   },
   {
      "name":"Zachary",
      "surname":"Reese",
      "best_score":3,
      "date_and_time":"2021-11-02 12:00:00",
      "email":"koudas@optonline.net"
   },
   {
      "name":"Azul",
      "surname":"Barnett",
      "best_score":3,
      "date_and_time":"2021-11-09 11:00:00",
      "email":"koudas@verizon.net"
   },
   {
      "name":"Raiden",
      "surname":"Macias",
      "best_score":3,
      "date_and_time":"2021-11-13 10:00:00",
      "email":"krueger@optonline.net"
   },
   {
      "name":"Ivy",
      "surname":"Harper",
      "best_score":4,
      "date_and_time":"2021-11-15 10:00:00",
      "email":"kspiteri@msn.com"
   },
   {
      "name":"Chaim",
      "surname":"Reeves",
      "best_score":3,
      "date_and_time":"2021-11-19 11:00:00",
      "email":"kuparine@aol.com"
   },
   {
      "name":"Billy",
      "surname":"Palmer",
      "best_score":5,
      "date_and_time":"2021-11-11 12:00:00",
      "email":"kuparine@comcast.net"
   },
   {
      "name":"Luz",
      "surname":"Horn",
      "best_score":5,
      "date_and_time":"2021-11-07 09:00:00",
      "email":"kuparine@mac.com"
   },
   {
      "name":"Kristian",
      "surname":"Holmes",
      "best_score":4,
      "date_and_time":"2021-11-02 12:00:00",
      "email":"kuparine@msn.com"
   },
   {
      "name":"Mireya",
      "surname":"Fritz",
      "best_score":5,
      "date_and_time":"2021-11-08 11:00:00",
      "email":"kuparine@verizon.net"
   },
   {
      "name":"Josie",
      "surname":"Fernandez",
      "best_score":4,
      "date_and_time":"2021-11-11 10:00:00",
      "email":"laird@live.com"
   },
   {
      "name":"Jimena",
      "surname":"Glover",
      "best_score":4,
      "date_and_time":"2021-11-09 12:00:00",
      "email":"lamky@mac.com"
   },
   {
      "name":"Luz",
      "surname":"Farley",
      "best_score":5,
      "date_and_time":"2021-11-12 10:00:00",
      "email":"larry@icloud.com"
   },
   {
      "name":"Jasiah",
      "surname":"Henry",
      "best_score":3,
      "date_and_time":"2021-11-11 12:00:00",
      "email":"larry@verizon.net"
   },
   {
      "name":"Theresa",
      "surname":"Orozco",
      "best_score":5,
      "date_and_time":"2021-11-13 09:00:00",
      "email":"linuxhack@aol.com"
   },
   {
      "name":"Callie",
      "surname":"Levy",
      "best_score":5,
      "date_and_time":"2021-11-02 09:00:00",
      "email":"loscar@att.net"
   },
   {
      "name":"Byron",
      "surname":"Woodard",
      "best_score":4,
      "date_and_time":"2021-11-02 09:00:00",
      "email":"lpalmer@yahoo.ca"
   },
   {
      "name":"Hope",
      "surname":"Morton",
      "best_score":4,
      "date_and_time":"2021-11-15 11:00:00",
      "email":"lstaf@optonline.net"
   },
   {
      "name":"Dominik",
      "surname":"Arellano",
      "best_score":5,
      "date_and_time":"2021-11-11 10:00:00",
      "email":"lukka@gmail.com"
   },
   {
      "name":"Penelope",
      "surname":"Benton",
      "best_score":3,
      "date_and_time":"2021-11-17 10:00:00",
      "email":"madanm@verizon.net"
   },
   {
      "name":"Cora",
      "surname":"Aguirre",
      "best_score":5,
      "date_and_time":"2021-11-11 09:00:00",
      "email":"magusnet@sbcglobal.net"
   },
   {
      "name":"Emmy",
      "surname":"Ortega",
      "best_score":4,
      "date_and_time":"2021-11-15 10:00:00",
      "email":"magusnet@yahoo.com"
   },
   {
      "name":"Joel",
      "surname":"Baxter",
      "best_score":3,
      "date_and_time":"2021-11-11 12:00:00",
      "email":"maikelnai@aol.com"
   },
   {
      "name":"Shaylee",
      "surname":"Garza",
      "best_score":5,
      "date_and_time":"2021-11-12 09:00:00",
      "email":"makarow@msn.com"
   },
   {
      "name":"Derrick",
      "surname":"Waller",
      "best_score":3,
      "date_and_time":"2021-11-09 12:00:00",
      "email":"malin@verizon.net"
   },
   {
      "name":"Sariah",
      "surname":"Farmer",
      "best_score":5,
      "date_and_time":"2021-11-13 09:00:00",
      "email":"malvar@icloud.com"
   },
   {
      "name":"Barbara",
      "surname":"Dyer",
      "best_score":3,
      "date_and_time":"2021-11-09 11:00:00",
      "email":"manuals@yahoo.ca"
   },
   {
      "name":"Eva",
      "surname":"Fuller",
      "best_score":3,
      "date_and_time":"2021-11-10 09:00:00",
      "email":"marcs@yahoo.ca"
   },
   {
      "name":"Kailee",
      "surname":"Leblanc",
      "best_score":3,
      "date_and_time":"2021-11-14 11:00:00",
      "email":"marin@yahoo.com"
   },
   {
      "name":"Jeramiah",
      "surname":"Mayer",
      "best_score":3,
      "date_and_time":"2021-11-12 11:00:00",
      "email":"marnanel@verizon.net"
   },
   {
      "name":"Jamison",
      "surname":"Ramirez",
      "best_score":5,
      "date_and_time":"2021-11-07 11:00:00",
      "email":"martyloo@gmail.com"
   },
   {
      "name":"Abram",
      "surname":"Mccarthy",
      "best_score":4,
      "date_and_time":"2021-11-09 10:00:00",
      "email":"mastinfo@sbcglobal.net"
   },
   {
      "name":"Larissa",
      "surname":"Morgan",
      "best_score":4,
      "date_and_time":"2021-11-06 11:00:00",
      "email":"matthijs@live.com"
   },
   {
      "name":"Madison",
      "surname":"Pena",
      "best_score":4,
      "date_and_time":"2021-11-19 12:00:00",
      "email":"mavilar@att.net"
   },
   {
      "name":"Trent",
      "surname":"Vargas",
      "best_score":4,
      "date_and_time":"2021-11-10 12:00:00",
      "email":"mchugh@sbcglobal.net"
   },
   {
      "name":"Grant",
      "surname":"Rollins",
      "best_score":4,
      "date_and_time":"2021-11-11 11:00:00",
      "email":"mcsporran@mac.com"
   },
   {
      "name":"Aliza",
      "surname":"Arnold",
      "best_score":5,
      "date_and_time":"2021-11-08 10:00:00",
      "email":"metzzo@hotmail.com"
   },
   {
      "name":"Martha",
      "surname":"Marshall",
      "best_score":5,
      "date_and_time":"2021-11-13 10:00:00",
      "email":"mgemmons@yahoo.com"
   },
   {
      "name":"Jordin",
      "surname":"Snow",
      "best_score":5,
      "date_and_time":"2021-11-17 10:00:00",
      "email":"mgreen@att.net"
   },
   {
      "name":"Rolando",
      "surname":"Singleton",
      "best_score":3,
      "date_and_time":"2021-11-13 11:00:00",
      "email":"mhoffman@me.com"
   },
   {
      "name":"Randy",
      "surname":"Vaughan",
      "best_score":5,
      "date_and_time":"2021-11-04 11:00:00",
      "email":"mhouston@gmail.com"
   },
   {
      "name":"Donte",
      "surname":"Browning",
      "best_score":4,
      "date_and_time":"2021-11-14 12:00:00",
      "email":"michiel@gmail.com"
   },
   {
      "name":"Julianna",
      "surname":"Moss",
      "best_score":4,
      "date_and_time":"2021-11-02 12:00:00",
      "email":"milton@optonline.net"
   },
   {
      "name":"Landen",
      "surname":"Pope",
      "best_score":4,
      "date_and_time":"2021-11-10 10:00:00",
      "email":"milton@yahoo.ca"
   },
   {
      "name":"Mia",
      "surname":"Burch",
      "best_score":4,
      "date_and_time":"2021-11-11 12:00:00",
      "email":"mirod@msn.com"
   },
   {
      "name":"Rhianna",
      "surname":"Rich",
      "best_score":5,
      "date_and_time":"2021-11-14 09:00:00",
      "email":"mjewell@live.com"
   },
   {
      "name":"Camryn",
      "surname":"Shea",
      "best_score":4,
      "date_and_time":"2021-11-11 10:00:00",
      "email":"mjewell@mac.com"
   },
   {
      "name":"Noe",
      "surname":"Acevedo",
      "best_score":4,
      "date_and_time":"2021-11-05 12:00:00",
      "email":"mkearl@yahoo.ca"
   },
   {
      "name":"Kassandra",
      "surname":"Weber",
      "best_score":4,
      "date_and_time":"2021-11-12 11:00:00",
      "email":"mlewan@yahoo.com"
   },
   {
      "name":"Madalyn",
      "surname":"Mayo",
      "best_score":4,
      "date_and_time":"2021-11-07 11:00:00",
      "email":"moinefou@yahoo.ca"
   },
   {
      "name":"Makayla",
      "surname":"Mclaughlin",
      "best_score":3,
      "date_and_time":"2021-11-10 10:00:00",
      "email":"moxfulder@yahoo.ca"
   },
   {
      "name":"Cesar",
      "surname":"Adkins",
      "best_score":4,
      "date_and_time":"2021-11-16 11:00:00",
      "email":"mrsam@outlook.com"
   },
   {
      "name":"Killian",
      "surname":"Le",
      "best_score":5,
      "date_and_time":"2021-11-07 09:00:00",
      "email":"mrsam@verizon.net"
   },
   {
      "name":"Gillian",
      "surname":"Hubbard",
      "best_score":3,
      "date_and_time":"2021-11-12 11:00:00",
      "email":"mschilli@me.com"
   },
   {
      "name":"Jaycee",
      "surname":"Sanchez",
      "best_score":5,
      "date_and_time":"2021-11-07 10:00:00",
      "email":"msloan@att.net"
   },
   {
      "name":"Selina",
      "surname":"Suarez",
      "best_score":4,
      "date_and_time":"2021-11-19 11:00:00",
      "email":"msloan@mac.com"
   },
   {
      "name":"Monserrat",
      "surname":"Oconnor",
      "best_score":4,
      "date_and_time":"2021-11-10 10:00:00",
      "email":"msusa@me.com"
   },
   {
      "name":"Tyshawn",
      "surname":"Ingram",
      "best_score":3,
      "date_and_time":"2021-11-12 12:00:00",
      "email":"mthurn@mac.com"
   },
   {
      "name":"Kayley",
      "surname":"Murphy",
      "best_score":3,
      "date_and_time":"2021-11-03 09:00:00",
      "email":"muadip@outlook.com"
   },
   {
      "name":"Grant",
      "surname":"Branch",
      "best_score":4,
      "date_and_time":"2021-11-19 12:00:00",
      "email":"munjal@sbcglobal.net"
   },
   {
      "name":"Tatum",
      "surname":"Bush",
      "best_score":5,
      "date_and_time":"2021-11-14 09:00:00",
      "email":"mwandel@comcast.net"
   },
   {
      "name":"Krystal",
      "surname":"Gross",
      "best_score":5,
      "date_and_time":"2021-11-13 12:00:00",
      "email":"mwandel@sbcglobal.net"
   },
   {
      "name":"Madalynn",
      "surname":"Gibson",
      "best_score":5,
      "date_and_time":"2021-11-10 11:00:00",
      "email":"mwitte@optonline.net"
   },
   {
      "name":"Ismael",
      "surname":"Little",
      "best_score":3,
      "date_and_time":"2021-11-04 11:00:00",
      "email":"naoya@gmail.com"
   },
   {
      "name":"Summer",
      "surname":"Rivas",
      "best_score":3,
      "date_and_time":"2021-11-10 10:00:00",
      "email":"natepuri@msn.com"
   },
   {
      "name":"Giana",
      "surname":"Campbell",
      "best_score":4,
      "date_and_time":"2021-11-14 12:00:00",
      "email":"nelson@hotmail.com"
   },
   {
      "name":"Conrad",
      "surname":"Nielsen",
      "best_score":3,
      "date_and_time":"2021-11-05 09:00:00",
      "email":"nelson@outlook.com"
   },
   {
      "name":"Isabella",
      "surname":"Wilkinson",
      "best_score":3,
      "date_and_time":"2021-11-11 10:00:00",
      "email":"neonatus@gmail.com"
   },
   {
      "name":"Phoenix",
      "surname":"Ashley",
      "best_score":4,
      "date_and_time":"2021-11-18 11:00:00",
      "email":"neonatus@outlook.com"
   },
   {
      "name":"Shelby",
      "surname":"Woods",
      "best_score":4,
      "date_and_time":"2021-11-14 10:00:00",
      "email":"netsfr@yahoo.com"
   },
   {
      "name":"Emmy",
      "surname":"Morrison",
      "best_score":5,
      "date_and_time":"2021-11-05 12:00:00",
      "email":"neuffer@live.com"
   },
   {
      "name":"Bradyn",
      "surname":"Holden",
      "best_score":5,
      "date_and_time":"2021-11-07 11:00:00",
      "email":"ngedmond@yahoo.com"
   },
   {
      "name":"Declan",
      "surname":"Castaneda",
      "best_score":5,
      "date_and_time":"2021-11-08 09:00:00",
      "email":"nimaclea@hotmail.com"
   },
   {
      "name":"Jadon",
      "surname":"Mosley",
      "best_score":4,
      "date_and_time":"2021-11-10 12:00:00",
      "email":"nimaclea@optonline.net"
   },
   {
      "name":"Nathanael",
      "surname":"Higgins",
      "best_score":4,
      "date_and_time":"2021-11-01 11:00:00",
      "email":"ninenine@sbcglobal.net"
   },
   {
      "name":"Jakob",
      "surname":"Moore",
      "best_score":4,
      "date_and_time":"2021-11-12 10:00:00",
      "email":"noahb@comcast.net"
   },
   {
      "name":"Jaylynn",
      "surname":"Everett",
      "best_score":3,
      "date_and_time":"2021-11-13 11:00:00",
      "email":"noahb@yahoo.ca"
   },
   {
      "name":"Brandon",
      "surname":"Shaffer",
      "best_score":5,
      "date_and_time":"2021-11-12 09:00:00",
      "email":"noodles@gmail.com"
   },
   {
      "name":"Benjamin",
      "surname":"Francis",
      "best_score":5,
      "date_and_time":"2021-11-13 12:00:00",
      "email":"ntegrity@gmail.com"
   },
   {
      "name":"Jayleen",
      "surname":"Petty",
      "best_score":5,
      "date_and_time":"2021-11-16 09:00:00",
      "email":"ntegrity@mac.com"
   },
   {
      "name":"Chris",
      "surname":"Lin",
      "best_score":4,
      "date_and_time":"2021-11-14 12:00:00",
      "email":"nweaver@icloud.com"
   },
   {
      "name":"Elias",
      "surname":"Greene",
      "best_score":4,
      "date_and_time":"2021-11-20 09:00:00",
      "email":"okroeger@me.com"
   },
   {
      "name":"Malcolm",
      "surname":"Roth",
      "best_score":3,
      "date_and_time":"2021-11-11 10:00:00",
      "email":"oneiros@icloud.com"
   },
   {
      "name":"Lia",
      "surname":"Thomas",
      "best_score":5,
      "date_and_time":"2021-11-12 12:00:00",
      "email":"oneiros@me.com"
   },
   {
      "name":"Zachary",
      "surname":"Schmitt",
      "best_score":4,
      "date_and_time":"2021-11-05 12:00:00",
      "email":"osaru@msn.com"
   },
   {
      "name":"Joaquin",
      "surname":"Hatfield",
      "best_score":3,
      "date_and_time":"2021-11-13 12:00:00",
      "email":"overbom@mac.com"
   },
   {
      "name":"Jonathan",
      "surname":"Ortiz",
      "best_score":4,
      "date_and_time":"2021-11-19 12:00:00",
      "email":"overbom@yahoo.ca"
   },
   {
      "name":"Holden",
      "surname":"Dougherty",
      "best_score":4,
      "date_and_time":"2021-11-18 10:00:00",
      "email":"papathan@sbcglobal.net"
   },
   {
      "name":"Kareem",
      "surname":"Hendrix",
      "best_score":3,
      "date_and_time":"2021-11-07 09:00:00",
      "email":"parents@sbcglobal.net"
   },
   {
      "name":"Mary",
      "surname":"Figueroa",
      "best_score":5,
      "date_and_time":"2021-11-18 12:00:00",
      "email":"parkes@yahoo.ca"
   },
   {
      "name":"Evelin",
      "surname":"Mckinney",
      "best_score":5,
      "date_and_time":"2021-11-10 11:00:00",
      "email":"parksh@live.com"
   },
   {
      "name":"Alonzo",
      "surname":"Hunt",
      "best_score":3,
      "date_and_time":"2021-11-06 10:00:00",
      "email":"parsimony@gmail.com"
   },
   {
      "name":"Aliza",
      "surname":"Travis",
      "best_score":5,
      "date_and_time":"2021-11-06 09:00:00",
      "email":"pdbaby@outlook.com"
   },
   {
      "name":"Callum",
      "surname":"King",
      "best_score":4,
      "date_and_time":"2021-11-17 12:00:00",
      "email":"pedwards@icloud.com"
   },
   {
      "name":"Shea",
      "surname":"Shields",
      "best_score":3,
      "date_and_time":"2021-11-02 10:00:00",
      "email":"penna@optonline.net"
   },
   {
      "name":"Selina",
      "surname":"Shaffer",
      "best_score":5,
      "date_and_time":"2021-11-04 09:00:00",
      "email":"pfitza@me.com"
   },
   {
      "name":"Lillianna",
      "surname":"Bright",
      "best_score":4,
      "date_and_time":"2021-11-18 12:00:00",
      "email":"pgolle@verizon.net"
   },
   {
      "name":"Taryn",
      "surname":"Knox",
      "best_score":5,
      "date_and_time":"2021-11-10 10:00:00",
      "email":"pgottsch@comcast.net"
   },
   {
      "name":"Alicia",
      "surname":"Travis",
      "best_score":3,
      "date_and_time":"2021-11-03 11:00:00",
      "email":"phish@aol.com"
   },
   {
      "name":"Felipe",
      "surname":"Mcknight",
      "best_score":5,
      "date_and_time":"2021-11-14 09:00:00",
      "email":"pierce@yahoo.com"
   },
   {
      "name":"Antonio",
      "surname":"Macias",
      "best_score":4,
      "date_and_time":"2021-11-10 11:00:00",
      "email":"pkplex@gmail.com"
   },
   {
      "name":"Tyrese",
      "surname":"Vaughan",
      "best_score":3,
      "date_and_time":"2021-11-04 12:00:00",
      "email":"podmaster@optonline.net"
   },
   {
      "name":"Gabriella",
      "surname":"Velez",
      "best_score":3,
      "date_and_time":"2021-11-02 10:00:00",
      "email":"pontipak@live.com"
   },
   {
      "name":"Lorelei",
      "surname":"Sawyer",
      "best_score":5,
      "date_and_time":"2021-11-05 10:00:00",
      "email":"portele@mac.com"
   },
   {
      "name":"Tatum",
      "surname":"Walls",
      "best_score":5,
      "date_and_time":"2021-11-13 10:00:00",
      "email":"presoff@aol.com"
   },
   {
      "name":"Hamza",
      "surname":"Stanton",
      "best_score":3,
      "date_and_time":"2021-11-04 10:00:00",
      "email":"presoff@msn.com"
   },
   {
      "name":"Nathanial",
      "surname":"Lindsey",
      "best_score":5,
      "date_and_time":"2021-11-03 10:00:00",
      "email":"psharpe@outlook.com"
   },
   {
      "name":"Essence",
      "surname":"Anderson",
      "best_score":5,
      "date_and_time":"2021-11-16 11:00:00",
      "email":"psichel@aol.com"
   },
   {
      "name":"London",
      "surname":"Villarreal",
      "best_score":3,
      "date_and_time":"2021-11-05 11:00:00",
      "email":"pthomsen@att.net"
   },
   {
      "name":"Alayna",
      "surname":"Bowen",
      "best_score":5,
      "date_and_time":"2021-11-13 10:00:00",
      "email":"quantaman@aol.com"
   },
   {
      "name":"Kendal",
      "surname":"Kelly",
      "best_score":5,
      "date_and_time":"2021-11-07 11:00:00",
      "email":"quantaman@yahoo.com"
   },
   {
      "name":"Marc",
      "surname":"Wilkins",
      "best_score":4,
      "date_and_time":"2021-11-12 09:00:00",
      "email":"rafasgj@me.com"
   },
   {
      "name":"Kimberly",
      "surname":"Scott",
      "best_score":4,
      "date_and_time":"2021-11-10 12:00:00",
      "email":"ranasta@hotmail.com"
   },
   {
      "name":"Lilah",
      "surname":"Owens",
      "best_score":4,
      "date_and_time":"2021-11-04 09:00:00",
      "email":"rattenbt@yahoo.ca"
   },
   {
      "name":"Kaeden",
      "surname":"Peterson",
      "best_score":5,
      "date_and_time":"2021-11-05 12:00:00",
      "email":"reeds@yahoo.com"
   },
   {
      "name":"April",
      "surname":"Sims",
      "best_score":4,
      "date_and_time":"2021-11-04 11:00:00",
      "email":"retoh@outlook.com"
   },
   {
      "name":"Jayvon",
      "surname":"Allen",
      "best_score":5,
      "date_and_time":"2021-11-10 12:00:00",
      "email":"reziac@icloud.com"
   },
   {
      "name":"Triston",
      "surname":"Wiley",
      "best_score":4,
      "date_and_time":"2021-11-10 11:00:00",
      "email":"rfisher@aol.com"
   },
   {
      "name":"Dax",
      "surname":"Flynn",
      "best_score":4,
      "date_and_time":"2021-11-08 12:00:00",
      "email":"rgarton@comcast.net"
   },
   {
      "name":"Kieran",
      "surname":"Norris",
      "best_score":5,
      "date_and_time":"2021-11-04 12:00:00",
      "email":"rgarton@outlook.com"
   },
   {
      "name":"Shyann",
      "surname":"Colon",
      "best_score":3,
      "date_and_time":"2021-11-16 12:00:00",
      "email":"rhavyn@yahoo.ca"
   },
   {
      "name":"Alden",
      "surname":"Ayala",
      "best_score":3,
      "date_and_time":"2021-11-09 11:00:00",
      "email":"rmcfarla@me.com"
   },
   {
      "name":"Chana",
      "surname":"Manning",
      "best_score":3,
      "date_and_time":"2021-11-18 10:00:00",
      "email":"rnewman@att.net"
   },
   {
      "name":"Ryann",
      "surname":"Molina",
      "best_score":3,
      "date_and_time":"2021-11-10 12:00:00",
      "email":"rnewman@gmail.com"
   },
   {
      "name":"Rachel",
      "surname":"Pratt",
      "best_score":4,
      "date_and_time":"2021-11-12 11:00:00",
      "email":"roesch@aol.com"
   },
   {
      "name":"Scott",
      "surname":"Singh",
      "best_score":4,
      "date_and_time":"2021-11-04 11:00:00",
      "email":"rogerspl@me.com"
   },
   {
      "name":"Rylee",
      "surname":"Henson",
      "best_score":5,
      "date_and_time":"2021-11-13 11:00:00",
      "email":"rwelty@outlook.com"
   },
   {
      "name":"Markus",
      "surname":"Baxter",
      "best_score":4,
      "date_and_time":"2021-11-02 11:00:00",
      "email":"sabren@aol.com"
   },
   {
      "name":"Erick",
      "surname":"Shaffer",
      "best_score":3,
      "date_and_time":"2021-11-11 12:00:00",
      "email":"sakusha@yahoo.com"
   },
   {
      "name":"Emmett",
      "surname":"Mcfarland",
      "best_score":5,
      "date_and_time":"2021-11-08 12:00:00",
      "email":"salesgeek@hotmail.com"
   },
   {
      "name":"Essence",
      "surname":"Barry",
      "best_score":4,
      "date_and_time":"2021-11-18 10:00:00",
      "email":"samavati@comcast.net"
   },
   {
      "name":"Kayla",
      "surname":"Burnett",
      "best_score":5,
      "date_and_time":"2021-11-04 10:00:00",
      "email":"sartak@hotmail.com"
   },
   {
      "name":"Gunnar",
      "surname":"Bradford",
      "best_score":4,
      "date_and_time":"2021-11-10 09:00:00",
      "email":"sassen@optonline.net"
   },
   {
      "name":"Jalen",
      "surname":"Paul",
      "best_score":4,
      "date_and_time":"2021-11-05 12:00:00",
      "email":"sblack@me.com"
   },
   {
      "name":"Darian",
      "surname":"Trevino",
      "best_score":5,
      "date_and_time":"2021-11-06 12:00:00",
      "email":"schumer@icloud.com"
   },
   {
      "name":"Kaelyn",
      "surname":"Dickson",
      "best_score":4,
      "date_and_time":"2021-11-12 10:00:00",
      "email":"schumer@outlook.com"
   },
   {
      "name":"Jairo",
      "surname":"Woods",
      "best_score":4,
      "date_and_time":"2021-11-07 11:00:00",
      "email":"scitext@mac.com"
   },
   {
      "name":"Yandel",
      "surname":"Mcmillan",
      "best_score":4,
      "date_and_time":"2021-11-20 09:00:00",
      "email":"scottlee@icloud.com"
   },
   {
      "name":"Chase",
      "surname":"Beasley",
      "best_score":3,
      "date_and_time":"2021-11-17 12:00:00",
      "email":"scottzed@comcast.net"
   },
   {
      "name":"Maliyah",
      "surname":"Sherman",
      "best_score":3,
      "date_and_time":"2021-11-13 12:00:00",
      "email":"seano@me.com"
   },
   {
      "name":"Eugene",
      "surname":"Prince",
      "best_score":4,
      "date_and_time":"2021-11-13 09:00:00",
      "email":"seemant@live.com"
   },
   {
      "name":"Aden",
      "surname":"Miller",
      "best_score":5,
      "date_and_time":"2021-11-07 10:00:00",
      "email":"sekiya@outlook.com"
   },
   {
      "name":"Darryl",
      "surname":"Chan",
      "best_score":5,
      "date_and_time":"2021-11-04 11:00:00",
      "email":"sequin@icloud.com"
   },
   {
      "name":"Alfonso",
      "surname":"Grimes",
      "best_score":3,
      "date_and_time":"2021-11-05 12:00:00",
      "email":"sequin@live.com"
   },
   {
      "name":"Omari",
      "surname":"Cisneros",
      "best_score":4,
      "date_and_time":"2021-11-09 12:00:00",
      "email":"shaffei@att.net"
   },
   {
      "name":"Ibrahim",
      "surname":"Graham",
      "best_score":5,
      "date_and_time":"2021-11-15 10:00:00",
      "email":"shaffei@yahoo.ca"
   },
   {
      "name":"Alexzander",
      "surname":"Castaneda",
      "best_score":4,
      "date_and_time":"2021-11-09 12:00:00",
      "email":"sharon@yahoo.com"
   },
   {
      "name":"Solomon",
      "surname":"Hoffman",
      "best_score":4,
      "date_and_time":"2021-11-14 09:00:00",
      "email":"sherzodr@att.net"
   },
   {
      "name":"Brylee",
      "surname":"Hebert",
      "best_score":3,
      "date_and_time":"2021-11-07 09:00:00",
      "email":"shrapnull@mac.com"
   },
   {
      "name":"Baron",
      "surname":"Dudley",
      "best_score":4,
      "date_and_time":"2021-11-08 09:00:00",
      "email":"shrapnull@msn.com"
   },
   {
      "name":"Adrienne",
      "surname":"Summers",
      "best_score":4,
      "date_and_time":"2021-11-07 09:00:00",
      "email":"singh@live.com"
   },
   {
      "name":"Alyson",
      "surname":"Arroyo",
      "best_score":4,
      "date_and_time":"2021-11-15 12:00:00",
      "email":"sjmuir@gmail.com"
   },
   {
      "name":"Cheyenne",
      "surname":"Carter",
      "best_score":5,
      "date_and_time":"2021-11-19 12:00:00",
      "email":"sjmuir@sbcglobal.net"
   },
   {
      "name":"Walter",
      "surname":"Thornton",
      "best_score":3,
      "date_and_time":"2021-11-12 11:00:00",
      "email":"sjmuir@verizon.net"
   },
   {
      "name":"Talan",
      "surname":"Wagner",
      "best_score":4,
      "date_and_time":"2021-11-13 09:00:00",
      "email":"skajan@msn.com"
   },
   {
      "name":"Mireya",
      "surname":"Church",
      "best_score":4,
      "date_and_time":"2021-11-13 10:00:00",
      "email":"skajan@outlook.com"
   },
   {
      "name":"Miles",
      "surname":"Simpson",
      "best_score":5,
      "date_and_time":"2021-11-03 11:00:00",
      "email":"skoch@sbcglobal.net"
   },
   {
      "name":"Karlee",
      "surname":"Bradshaw",
      "best_score":3,
      "date_and_time":"2021-11-05 09:00:00",
      "email":"skythe@aol.com"
   },
   {
      "name":"Holly",
      "surname":"Strong",
      "best_score":3,
      "date_and_time":"2021-11-03 10:00:00",
      "email":"skythe@att.net"
   },
   {
      "name":"Hezekiah",
      "surname":"Chapman",
      "best_score":5,
      "date_and_time":"2021-11-04 10:00:00",
      "email":"skythe@icloud.com"
   },
   {
      "name":"Andreas",
      "surname":"Underwood",
      "best_score":3,
      "date_and_time":"2021-11-10 09:00:00",
      "email":"slanglois@outlook.com"
   },
   {
      "name":"Lizeth",
      "surname":"Blevins",
      "best_score":4,
      "date_and_time":"2021-11-03 11:00:00",
      "email":"smcnabb@icloud.com"
   },
   {
      "name":"Winston",
      "surname":"Duran",
      "best_score":3,
      "date_and_time":"2021-11-13 11:00:00",
      "email":"smcnabb@optonline.net"
   },
   {
      "name":"Kolton",
      "surname":"Kerr",
      "best_score":4,
      "date_and_time":"2021-11-07 11:00:00",
      "email":"smpeters@att.net"
   },
   {
      "name":"Aryanna",
      "surname":"Donaldson",
      "best_score":5,
      "date_and_time":"2021-11-12 12:00:00",
      "email":"solomon@hotmail.com"
   },
   {
      "name":"Sasha",
      "surname":"Mcmahon",
      "best_score":3,
      "date_and_time":"2021-11-11 12:00:00",
      "email":"sonnen@optonline.net"
   },
   {
      "name":"Jayson",
      "surname":"Edwards",
      "best_score":4,
      "date_and_time":"2021-11-14 10:00:00",
      "email":"sonnen@yahoo.com"
   },
   {
      "name":"Marcelo",
      "surname":"Shepard",
      "best_score":5,
      "date_and_time":"2021-11-18 09:00:00",
      "email":"spadkins@verizon.net"
   },
   {
      "name":"Marina",
      "surname":"Figueroa",
      "best_score":4,
      "date_and_time":"2021-11-11 11:00:00",
      "email":"specprog@live.com"
   },
   {
      "name":"Byron",
      "surname":"Franklin",
      "best_score":4,
      "date_and_time":"2021-11-09 09:00:00",
      "email":"speeves@me.com"
   },
   {
      "name":"Enrique",
      "surname":"Mcdaniel",
      "best_score":3,
      "date_and_time":"2021-11-10 11:00:00",
      "email":"squirrel@yahoo.com"
   },
   {
      "name":"Rylan",
      "surname":"Lucas",
      "best_score":4,
      "date_and_time":"2021-11-08 10:00:00",
      "email":"sriha@live.com"
   },
   {
      "name":"Leonardo",
      "surname":"Porter",
      "best_score":3,
      "date_and_time":"2021-11-12 09:00:00",
      "email":"stellaau@sbcglobal.net"
   },
   {
      "name":"Damaris",
      "surname":"Chase",
      "best_score":5,
      "date_and_time":"2021-11-15 11:00:00",
      "email":"stewwy@yahoo.com"
   },
   {
      "name":"Juliette",
      "surname":"Novak",
      "best_score":3,
      "date_and_time":"2021-11-09 10:00:00",
      "email":"stinson@sbcglobal.net"
   },
   {
      "name":"Bryan",
      "surname":"Gallagher",
      "best_score":5,
      "date_and_time":"2021-11-09 12:00:00",
      "email":"studyabr@gmail.com"
   },
   {
      "name":"Demarion",
      "surname":"Duarte",
      "best_score":3,
      "date_and_time":"2021-11-16 10:00:00",
      "email":"studyabr@icloud.com"
   },
   {
      "name":"Kailyn",
      "surname":"Scott",
      "best_score":5,
      "date_and_time":"2021-11-07 12:00:00",
      "email":"subir@hotmail.com"
   },
   {
      "name":"Blaine",
      "surname":"Anthony",
      "best_score":4,
      "date_and_time":"2021-11-06 11:00:00",
      "email":"suresh@att.net"
   },
   {
      "name":"Randall",
      "surname":"May",
      "best_score":3,
      "date_and_time":"2021-11-15 10:00:00",
      "email":"suresh@yahoo.ca"
   },
   {
      "name":"Sadie",
      "surname":"Butler",
      "best_score":4,
      "date_and_time":"2021-11-14 12:00:00",
      "email":"syrinx@gmail.com"
   },
   {
      "name":"Kenny",
      "surname":"Cuevas",
      "best_score":5,
      "date_and_time":"2021-11-10 10:00:00",
      "email":"tbusch@live.com"
   },
   {
      "name":"Abbie",
      "surname":"Scott",
      "best_score":5,
      "date_and_time":"2021-11-18 12:00:00",
      "email":"tbusch@me.com"
   },
   {
      "name":"Alvin",
      "surname":"Baker",
      "best_score":5,
      "date_and_time":"2021-11-01 12:00:00",
      "email":"telbij@msn.com"
   },
   {
      "name":"Pranav",
      "surname":"Adams",
      "best_score":3,
      "date_and_time":"2021-11-10 09:00:00",
      "email":"temmink@verizon.net"
   },
   {
      "name":"Markus",
      "surname":"Fletcher",
      "best_score":4,
      "date_and_time":"2021-11-09 10:00:00",
      "email":"tfinniga@hotmail.com"
   },
   {
      "name":"Micah",
      "surname":"Dyer",
      "best_score":4,
      "date_and_time":"2021-11-14 12:00:00",
      "email":"thomasj@me.com"
   },
   {
      "name":"Kasey",
      "surname":"Terrell",
      "best_score":5,
      "date_and_time":"2021-11-13 10:00:00",
      "email":"timlinux@optonline.net"
   },
   {
      "name":"Dakota",
      "surname":"Mercer",
      "best_score":4,
      "date_and_time":"2021-11-12 11:00:00",
      "email":"tkrotchko@mac.com"
   },
   {
      "name":"Anderson",
      "surname":"Davis",
      "best_score":4,
      "date_and_time":"2021-11-11 12:00:00",
      "email":"tmccarth@optonline.net"
   },
   {
      "name":"Jairo",
      "surname":"Jennings",
      "best_score":3,
      "date_and_time":"2021-11-04 12:00:00",
      "email":"tromey@outlook.com"
   },
   {
      "name":"Adeline",
      "surname":"Winters",
      "best_score":4,
      "date_and_time":"2021-11-01 09:00:00",
      "email":"tsuruta@outlook.com"
   },
   {
      "name":"Kate",
      "surname":"Trujillo",
      "best_score":3,
      "date_and_time":"2021-11-11 09:00:00",
      "email":"tubesteak@outlook.com"
   },
   {
      "name":"Royce",
      "surname":"Avila",
      "best_score":4,
      "date_and_time":"2021-11-16 09:00:00",
      "email":"twoflower@outlook.com"
   },
   {
      "name":"Beatrice",
      "surname":"Bentley",
      "best_score":4,
      "date_and_time":"2021-11-15 12:00:00",
      "email":"ubergeeb@gmail.com"
   },
   {
      "name":"Coby",
      "surname":"Hammond",
      "best_score":5,
      "date_and_time":"2021-11-14 09:00:00",
      "email":"ubergeeb@mac.com"
   },
   {
      "name":"Mathew",
      "surname":"Macdonald",
      "best_score":5,
      "date_and_time":"2021-11-10 12:00:00",
      "email":"unreal@yahoo.ca"
   },
   {
      "name":"Allisson",
      "surname":"Palmer",
      "best_score":4,
      "date_and_time":"2021-11-12 12:00:00",
      "email":"uqmcolyv@live.com"
   },
   {
      "name":"Miah",
      "surname":"King",
      "best_score":3,
      "date_and_time":"2021-11-17 12:00:00",
      "email":"vertigo@me.com"
   },
   {
      "name":"Elisha",
      "surname":"Patterson",
      "best_score":5,
      "date_and_time":"2021-11-15 12:00:00",
      "email":"vganesh@optonline.net"
   },
   {
      "name":"Jayvion",
      "surname":"Merritt",
      "best_score":4,
      "date_and_time":"2021-11-10 09:00:00",
      "email":"violinhi@icloud.com"
   },
   {
      "name":"Ingrid",
      "surname":"Powell",
      "best_score":3,
      "date_and_time":"2021-11-11 11:00:00",
      "email":"vlefevre@me.com"
   },
   {
      "name":"June",
      "surname":"Lin",
      "best_score":4,
      "date_and_time":"2021-11-15 10:00:00",
      "email":"vmalik@aol.com"
   },
   {
      "name":"Teagan",
      "surname":"Mcconnell",
      "best_score":5,
      "date_and_time":"2021-11-11 09:00:00",
      "email":"wainwrig@optonline.net"
   },
   {
      "name":"Jakob",
      "surname":"Harrison",
      "best_score":4,
      "date_and_time":"2021-11-05 11:00:00",
      "email":"wainwrig@sbcglobal.net"
   },
   {
      "name":"Kara",
      "surname":"Johns",
      "best_score":3,
      "date_and_time":"2021-11-08 09:00:00",
      "email":"wayward@outlook.com"
   },
   {
      "name":"Malaki",
      "surname":"Delgado",
      "best_score":4,
      "date_and_time":"2021-11-16 09:00:00",
      "email":"wbarker@optonline.net"
   },
   {
      "name":"Mohammed",
      "surname":"Gay",
      "best_score":4,
      "date_and_time":"2021-11-02 12:00:00",
      "email":"webteam@icloud.com"
   },
   {
      "name":"Marcel",
      "surname":"Pruitt",
      "best_score":3,
      "date_and_time":"2021-11-12 11:00:00",
      "email":"wenzlaff@verizon.net"
   },
   {
      "name":"Teagan",
      "surname":"Hanson",
      "best_score":4,
      "date_and_time":"2021-11-19 12:00:00",
      "email":"wikinerd@att.net"
   },
   {
      "name":"Carlie",
      "surname":"Jefferson",
      "best_score":4,
      "date_and_time":"2021-11-09 11:00:00",
      "email":"wildfire@aol.com"
   },
   {
      "name":"Ricardo",
      "surname":"Bridges",
      "best_score":4,
      "date_and_time":"2021-11-13 10:00:00",
      "email":"wildfire@mac.com"
   },
   {
      "name":"Enrique",
      "surname":"Golden",
      "best_score":5,
      "date_and_time":"2021-11-06 10:00:00",
      "email":"william@outlook.com"
   },
   {
      "name":"Ashlyn",
      "surname":"Reeves",
      "best_score":5,
      "date_and_time":"2021-11-11 12:00:00",
      "email":"william@yahoo.ca"
   },
   {
      "name":"Muhammad",
      "surname":"Booker",
      "best_score":3,
      "date_and_time":"2021-11-08 09:00:00",
      "email":"wilsonpm@att.net"
   },
   {
      "name":"Meredith",
      "surname":"Wong",
      "best_score":4,
      "date_and_time":"2021-11-11 10:00:00",
      "email":"wkrebs@gmail.com"
   },
   {
      "name":"Celeste",
      "surname":"Navarro",
      "best_score":4,
      "date_and_time":"2021-11-10 09:00:00",
      "email":"wmszeliga@aol.com"
   },
   {
      "name":"Pedro",
      "surname":"Walton",
      "best_score":5,
      "date_and_time":"2021-11-10 10:00:00",
      "email":"wojciech@mac.com"
   },
   {
      "name":"Arjun",
      "surname":"Rosario",
      "best_score":5,
      "date_and_time":"2021-11-07 10:00:00",
      "email":"world@me.com"
   },
   {
      "name":"Lisa",
      "surname":"Bradshaw",
      "best_score":5,
      "date_and_time":"2021-11-15 10:00:00",
      "email":"xtang@optonline.net"
   },
   {
      "name":"Isaias",
      "surname":"Joseph",
      "best_score":5,
      "date_and_time":"2021-11-18 12:00:00",
      "email":"ylchang@sbcglobal.net"
   },
   {
      "name":"Kayden",
      "surname":"Wolfe",
      "best_score":3,
      "date_and_time":"2021-11-05 10:00:00",
      "email":"yruan@gmail.com"
   },
   {
      "name":"Vincent",
      "surname":"Buck",
      "best_score":4,
      "date_and_time":"2021-11-12 11:00:00",
      "email":"zavadsky@icloud.com"
   },
   {
      "name":"Roselyn",
      "surname":"Crane",
      "best_score":5,
      "date_and_time":"2021-11-19 09:00:00",
      "email":"zeitlin@mac.com"
   },
   {
      "name":"Jaelynn",
      "surname":"Fletcher",
      "best_score":3,
      "date_and_time":"2021-11-06 11:00:00",
      "email":"zyghom@yahoo.com"
   }
]