{
   "Fredi": [
      39,
      "failed"
   ],
   "Inesita": [
      93,
      "passed"
   ],
   "Elana": [
      92,
      "passed"
   ],
   "Ellen": [
      88,
      "passed"
   ],
   "Celie": [
      50,
      "failed"
   ],
   "Hyacintha": [
      36,
      "failed"
   ],
   "Cathrin": [
      87,
      "passed"
   ],
   "Deloria": [
      16,
      "failed"
   ],
   "Gabriell": [
      94,
      "passed"
   ],
   "Elisabeth": [
      90,
      "passed"
   ],
   "Iona": [
      11,
      "failed"
   ],
   "Deni": [
      94,
      "passed"
   ],
   "Devon": [
      11,
      "failed"
   ],
   "Elmira": [
      42,
      "failed"
   ],
   "Cecily": [
      13,
      "failed"
   ],
   "Dion": [
      35,
      "failed"
   ],
   "Iormina": [
      31,
      "failed"
   ],
   "Ileane": [
      70,
      "failed"
   ],
   "Devin": [
      33,
      "failed"
   ],
   "Frayda": [
      49,
      "failed"
   ],
   "Fionna": [
      39,
      "failed"
   ],
   "Deonne": [
      95,
      "passed"
   ],
   "Dennie": [
      70,
      "failed"
   ],
   "Doloritas": [
      82,
      "passed"
   ],
   "Donny": [
      77,
      "passed"
   ],
   "Delcina": [
      92,
      "passed"
   ],
   "Ivie": [
      83,
      "passed"
   ],
   "Casandra": [
      68,
      "failed"
   ],
   "Issi": [
      30,
      "failed"
   ],
   "Delores": [
      59,
      "failed"
   ],
   "Cathy": [
      46,
      "failed"
   ],
   "Francine": [
      15,
      "failed"
   ],
   "Deva": [
      34,
      "failed"
   ],
   "Florenza": [
      96,
      "passed"
   ],
   "Eileen": [
      65,
      "failed"
   ],
   "Delia": [
      89,
      "passed"
   ],
   "Catha": [
      44,
      "failed"
   ],
   "Frederique": [
      14,
      "failed"
   ],
   "Celia": [
      32,
      "failed"
   ],
   "Dorine": [
      60,
      "failed"
   ],
   "Dorena": [
      72,
      "failed"
   ],
   "Elianora": [
      13,
      "failed"
   ],
   "Idette": [
      49,
      "failed"
   ],
   "Flori": [
      71,
      "failed"
   ],
   "Domeniga": [
      43,
      "failed"
   ],
   "Imogen": [
      28,
      "failed"
   ],
   "Florance": [
      36,
      "failed"
   ],
   "Francesca": [
      15,
      "failed"
   ],
   "Fiorenze": [
      91,
      "passed"
   ],
   "Doreen": [
      97,
      "passed"
   ],
   "Dido": [
      11,
      "failed"
   ],
   "Friederike": [
      91,
      "passed"
   ],
   "Cathee": [
      62,
      "failed"
   ],
   "Florida": [
      36,
      "failed"
   ],
   "Filide": [
      25,
      "failed"
   ],
   "Izabel": [
      74,
      "failed"
   ],
   "Devora": [
      26,
      "failed"
   ],
   "Dorella": [
      11,
      "failed"
   ],
   "Florinda": [
      89,
      "passed"
   ],
   "Gabrielle": [
      87,
      "passed"
   ],
   "Catlin": [
      83,
      "passed"
   ],
   "Dinny": [
      48,
      "failed"
   ],
   "Indira": [
      43,
      "failed"
   ],
   "Eleni": [
      81,
      "passed"
   ],
   "Ivette": [
      83,
      "passed"
   ],
   "Denice": [
      58,
      "failed"
   ],
   "Catherine": [
      79,
      "passed"
   ],
   "Ingaborg": [
      21,
      "failed"
   ],
   "Hortense": [
      22,
      "failed"
   ],
   "Florette": [
      37,
      "failed"
   ],
   "Flossi": [
      41,
      "failed"
   ],
   "Denni": [
      48,
      "failed"
   ],
   "Demeter": [
      65,
      "failed"
   ],
   "Delphine": [
      80,
      "passed"
   ],
   "Deerdre": [
      65,
      "failed"
   ],
   "Issie": [
      61,
      "failed"
   ],
   "Ellyn": [
      22,
      "failed"
   ],
   "Ellissa": [
      35,
      "failed"
   ],
   "Ilise": [
      43,
      "failed"
   ],
   "Elladine": [
      91,
      "passed"
   ],
   "Desirae": [
      89,
      "passed"
   ],
   "Hyacinthie": [
      47,
      "failed"
   ],
   "Elna": [
      49,
      "failed"
   ],
   "Ceil": [
      38,
      "failed"
   ],
   "Dolorita": [
      37,
      "failed"
   ],
   "Delora": [
      95,
      "passed"
   ],
   "Doralynn": [
      14,
      "failed"
   ],
   "Devina": [
      77,
      "passed"
   ],
   "Cassandra": [
      47,
      "failed"
   ],
   "Eleanor": [
      62,
      "failed"
   ],
   "Fleurette": [
      66,
      "failed"
   ],
   "Filia": [
      98,
      "passed"
   ],
   "Flo": [
      72,
      "failed"
   ],
   "Hyacinth": [
      32,
      "failed"
   ],
   "Donielle": [
      14,
      "failed"
   ],
   "Gabi": [
      33,
      "failed"
   ],
   "Gabbie": [
      72,
      "failed"
   ],
   "Elfrida": [
      100,
      "passed"
   ],
   "Honoria": [
      78,
      "passed"
   ],
   "Cathryn": [
      79,
      "passed"
   ],
   "Idalia": [
      50,
      "failed"
   ],
   "Dodi": [
      46,
      "failed"
   ],
   "Eleanora": [
      35,
      "failed"
   ],
   "Frederica": [
      40,
      "failed"
   ],
   "Caryl": [
      20,
      "failed"
   ],
   "Delilah": [
      58,
      "failed"
   ],
   "Flossie": [
      100,
      "passed"
   ],
   "Celisse": [
      62,
      "failed"
   ],
   "Fina": [
      90,
      "passed"
   ],
   "Irma": [
      34,
      "failed"
   ],
   "Gaby": [
      93,
      "passed"
   ],
   "Ilyssa": [
      45,
      "failed"
   ],
   "Idaline": [
      94,
      "passed"
   ],
   "Ina": [
      10,
      "failed"
   ],
   "Devondra": [
      54,
      "failed"
   ],
   "Dodie": [
      60,
      "failed"
   ],
   "Cassie": [
      76,
      "passed"
   ],
   "Hyacinthe": [
      68,
      "failed"
   ],
   "Gabie": [
      31,
      "failed"
   ],
   "Dorette": [
      62,
      "failed"
   ],
   "Dehlia": [
      23,
      "failed"
   ],
   "Dorice": [
      35,
      "failed"
   ],
   "Elene": [
      23,
      "failed"
   ],
   "Hulda": [
      91,
      "passed"
   ],
   "Elfie": [
      62,
      "failed"
   ],
   "Donnamarie": [
      95,
      "passed"
   ],
   "Donelle": [
      62,
      "failed"
   ],
   "Deina": [
      72,
      "failed"
   ],
   "Cass": [
      30,
      "failed"
   ],
   "Denny": [
      50,
      "failed"
   ],
   "Dolley": [
      38,
      "failed"
   ],
   "Fredia": [
      57,
      "failed"
   ],
   "Elly": [
      73,
      "failed"
   ],
   "Dita": [
      66,
      "failed"
   ],
   "Francoise": [
      47,
      "failed"
   ],
   "Ceciley": [
      71,
      "failed"
   ],
   "Holly-Anne": [
      100,
      "passed"
   ],
   "Casey": [
      94,
      "passed"
   ],
   "Cathi": [
      80,
      "passed"
   ],
   "Domini": [
      32,
      "failed"
   ],
   "Cassandre": [
      58,
      "failed"
   ],
   "Caty": [
      99,
      "passed"
   ],
   "Isabella": [
      21,
      "failed"
   ],
   "Doria": [
      20,
      "failed"
   ],
   "Diann": [
      20,
      "failed"
   ],
   "Dniren": [
      74,
      "failed"
   ],
   "Ianthe": [
      16,
      "failed"
   ],
   "Dody": [
      51,
      "failed"
   ],
   "Ingaberg": [
      37,
      "failed"
   ],
   "Celestia": [
      92,
      "passed"
   ],
   "Franky": [
      73,
      "failed"
   ],
   "Ibby": [
      98,
      "passed"
   ],
   "Gabriela": [
      22,
      "failed"
   ],
   "Ilsa": [
      29,
      "failed"
   ],
   "Elise": [
      52,
      "failed"
   ],
   "Di": [
      80,
      "passed"
   ],
   "Dell": [
      55,
      "failed"
   ],
   "Dolly": [
      44,
      "failed"
   ],
   "Dionne": [
      23,
      "failed"
   ],
   "Cassey": [
      81,
      "passed"
   ],
   "Eleonora": [
      42,
      "failed"
   ],
   "Eimile": [
      51,
      "failed"
   ],
   "Flor": [
      89,
      "passed"
   ],
   "Fredra": [
      26,
      "failed"
   ],
   "Diana": [
      18,
      "failed"
   ],
   "Elbertine": [
      60,
      "failed"
   ],
   "Gabbey": [
      79,
      "passed"
   ],
   "Dominica": [
      24,
      "failed"
   ],
   "Florentia": [
      10,
      "failed"
   ],
   "Cele": [
      27,
      "failed"
   ],
   "Elaina": [
      15,
      "failed"
   ],
   "Elita": [
      78,
      "passed"
   ],
   "Dorie": [
      79,
      "passed"
   ],
   "Devan": [
      78,
      "passed"
   ],
   "Elga": [
      72,
      "failed"
   ],
   "Dianne": [
      48,
      "failed"
   ],
   "Deloris": [
      90,
      "passed"
   ],
   "Eloisa": [
      24,
      "failed"
   ],
   "Cassondra": [
      61,
      "failed"
   ],
   "Frieda": [
      63,
      "failed"
   ],
   "Celesta": [
      58,
      "failed"
   ],
   "Celestyn": [
      40,
      "failed"
   ],
   "Elinor": [
      86,
      "passed"
   ],
   "Honor": [
      27,
      "failed"
   ],
   "Dix": [
      16,
      "failed"
   ],
   "Honey": [
      46,
      "failed"
   ],
   "Ines": [
      52,
      "failed"
   ],
   "Dolores": [
      22,
      "failed"
   ],
   "Eirena": [
      80,
      "passed"
   ],
   "Elka": [
      36,
      "failed"
   ],
   "Devonne": [
      44,
      "failed"
   ],
   "Cati": [
      51,
      "failed"
   ],
   "Elicia": [
      28,
      "failed"
   ],
   "Floris": [
      79,
      "passed"
   ],
   "Cathie": [
      65,
      "failed"
   ],
   "Cathlene": [
      57,
      "failed"
   ],
   "Doralin": [
      96,
      "passed"
   ],
   "Frannie": [
      54,
      "failed"
   ],
   "Freddy": [
      98,
      "passed"
   ],
   "Imojean": [
      27,
      "failed"
   ],
   "Iseabal": [
      76,
      "passed"
   ],
   "Isabelle": [
      71,
      "failed"
   ],
   "Elisha": [
      98,
      "passed"
   ],
   "Dona": [
      46,
      "failed"
   ],
   "Gabrila": [
      56,
      "failed"
   ],
   "Catina": [
      97,
      "passed"
   ],
   "Caryn": [
      21,
      "failed"
   ],
   "Demetra": [
      22,
      "failed"
   ],
   "Flory": [
      65,
      "failed"
   ],
   "Effie": [
      98,
      "passed"
   ],
   "Hope": [
      50,
      "failed"
   ],
   "Fredelia": [
      88,
      "passed"
   ],
   "Elisabet": [
      83,
      "passed"
   ],
   "Elisa": [
      71,
      "failed"
   ],
   "Fifine": [
      86,
      "passed"
   ],
   "Franciska": [
      84,
      "passed"
   ],
   "Eleen": [
      12,
      "failed"
   ],
   "Donella": [
      79,
      "passed"
   ],
   "Ekaterina": [
      72,
      "failed"
   ],
   "Franni": [
      17,
      "failed"
   ],
   "Cathrine": [
      57,
      "failed"
   ],
   "Frances": [
      36,
      "failed"
   ],
   "Desiri": [
      10,
      "failed"
   ],
   "Devonna": [
      31,
      "failed"
   ],
   "Ingunna": [
      87,
      "passed"
   ],
   "Eliza": [
      91,
      "passed"
   ],
   "Doris": [
      57,
      "failed"
   ],
   "Delila": [
      55,
      "failed"
   ],
   "Flora": [
      74,
      "failed"
   ],
   "Ilse": [
      74,
      "failed"
   ],
   "Deeyn": [
      82,
      "passed"
   ],
   "Cecile": [
      49,
      "failed"
   ],
   "Ellene": [
      97,
      "passed"
   ],
   "Ellynn": [
      99,
      "passed"
   ],
   "Elnora": [
      94,
      "passed"
   ],
   "Filippa": [
      13,
      "failed"
   ],
   "Frank": [
      20,
      "failed"
   ],
   "Donia": [
      68,
      "failed"
   ],
   "Iolande": [
      62,
      "failed"
   ],
   "Cecilla": [
      40,
      "failed"
   ],
   "Denys": [
      52,
      "failed"
   ],
   "Florry": [
      94,
      "passed"
   ],
   "Cassandry": [
      86,
      "passed"
   ],
   "Cecelia": [
      26,
      "failed"
   ],
   "Florie": [
      69,
      "failed"
   ],
   "Frankie": [
      14,
      "failed"
   ],
   "Horatia": [
      44,
      "failed"
   ],
   "Eleonore": [
      20,
      "failed"
   ],
   "Edythe": [
      39,
      "failed"
   ],
   "Imelda": [
      29,
      "failed"
   ],
   "Dierdre": [
      89,
      "passed"
   ],
   "Ivonne": [
      74,
      "failed"
   ],
   "Dina": [
      38,
      "failed"
   ],
   "Celina": [
      37,
      "failed"
   ],
   "Cecilia": [
      75,
      "failed"
   ],
   "Gabriellia": [
      68,
      "failed"
   ],
   "Ingeborg": [
      60,
      "failed"
   ],
   "Elfreda": [
      20,
      "failed"
   ],
   "Demetria": [
      55,
      "failed"
   ],
   "Francyne": [
      88,
      "passed"
   ],
   "Dixie": [
      12,
      "failed"
   ],
   "Florella": [
      73,
      "failed"
   ],
   "Devinne": [
      11,
      "failed"
   ],
   "Dorelia": [
      100,
      "passed"
   ],
   "Diannne": [
      19,
      "failed"
   ],
   "Dinah": [
      81,
      "passed"
   ],
   "Dione": [
      72,
      "failed"
   ],
   "Dela": [
      11,
      "failed"
   ],
   "Ivy": [
      56,
      "failed"
   ],
   "Freddi": [
      38,
      "failed"
   ],
   "Dorian": [
      59,
      "failed"
   ],
   "Donica": [
      96,
      "passed"
   ],
   "Dianna": [
      18,
      "failed"
   ],
   "Desdemona": [
      30,
      "failed"
   ],
   "Irina": [
      10,
      "failed"
   ],
   "Catlaina": [
      26,
      "failed"
   ],
   "Cary": [
      12,
      "failed"
   ],
   "Dominga": [
      60,
      "failed"
   ],
   "Eloise": [
      67,
      "failed"
   ],
   "Deidre": [
      16,
      "failed"
   ],
   "Ingeberg": [
      96,
      "passed"
   ],
   "Dominique": [
      62,
      "failed"
   ],
   "Ivett": [
      100,
      "passed"
   ],
   "Ellie": [
      48,
      "failed"
   ],
   "Celestine": [
      62,
      "failed"
   ],
   "Cathyleen": [
      40,
      "failed"
   ],
   "Inga": [
      100,
      "passed"
   ],
   "Elnore": [
      48,
      "failed"
   ],
   "Ilyse": [
      34,
      "failed"
   ],
   "Idalina": [
      14,
      "failed"
   ],
   "Dionis": [
      22,
      "failed"
   ],
   "Fredericka": [
      33,
      "failed"
   ],
   "Irene": [
      87,
      "passed"
   ],
   "Catarina": [
      58,
      "failed"
   ],
   "Celinda": [
      59,
      "failed"
   ],
   "Fifi": [
      69,
      "failed"
   ],
   "Inna": [
      41,
      "failed"
   ],
   "Delcine": [
      58,
      "failed"
   ],
   "Isis": [
      53,
      "failed"
   ],
   "Iris": [
      20,
      "failed"
   ],
   "Ileana": [
      92,
      "passed"
   ],
   "Franny": [
      27,
      "failed"
   ],
   "Cecil": [
      55,
      "failed"
   ],
   "Florence": [
      18,
      "failed"
   ],
   "Hyacinthia": [
      98,
      "passed"
   ],
   "Dinnie": [
      23,
      "failed"
   ],
   "Denyse": [
      73,
      "failed"
   ],
   "Denna": [
      81,
      "passed"
   ],
   "Ilene": [
      37,
      "failed"
   ],
   "Edyth": [
      39,
      "failed"
   ],
   "Ingrid": [
      99,
      "passed"
   ],
   "Fionnula": [
      79,
      "passed"
   ],
   "Dena": [
      81,
      "passed"
   ],
   "Donnie": [
      52,
      "failed"
   ],
   "Freda": [
      15,
      "failed"
   ],
   "Delinda": [
      87,
      "passed"
   ],
   "Deirdre": [
      14,
      "failed"
   ],
   "Isidora": [
      40,
      "failed"
   ],
   "Cayla": [
      88,
      "passed"
   ],
   "Fredrika": [
      68,
      "failed"
   ],
   "Delphinia": [
      39,
      "failed"
   ],
   "Gabriel": [
      30,
      "failed"
   ],
   "Inger": [
      91,
      "passed"
   ],
   "Dorene": [
      99,
      "passed"
   ],
   "Catie": [
      58,
      "failed"
   ],
   "Isabelita": [
      64,
      "failed"
   ],
   "Inessa": [
      92,
      "passed"
   ],
   "Catherin": [
      28,
      "failed"
   ],
   "Della": [
      30,
      "failed"
   ],
   "Ilka": [
      10,
      "failed"
   ],
   "Isahella": [
      67,
      "failed"
   ],
   "Floria": [
      84,
      "passed"
   ],
   "Dolli": [
      30,
      "failed"
   ],
   "Celinka": [
      25,
      "failed"
   ],
   "Elenore": [
      66,
      "failed"
   ],
   "Cathe": [
      53,
      "failed"
   ],
   "Dori": [
      90,
      "passed"
   ],
   "Donni": [
      13,
      "failed"
   ],
   "Caterina": [
      60,
      "failed"
   ],
   "Gabbi": [
      84,
      "passed"
   ],
   "Idell": [
      73,
      "failed"
   ],
   "Diane-Marie": [
      13,
      "failed"
   ],
   "Dode": [
      31,
      "failed"
   ],
   "Diandra": [
      92,
      "passed"
   ],
   "Denise": [
      56,
      "failed"
   ],
   "Fred": [
      88,
      "passed"
   ],
   "Doralynne": [
      41,
      "failed"
   ],
   "Elie": [
      55,
      "failed"
   ],
   "Irita": [
      40,
      "failed"
   ],
   "Freida": [
      87,
      "passed"
   ],
   "Doralyn": [
      49,
      "failed"
   ],
   "Florencia": [
      52,
      "failed"
   ],
   "Isa": [
      46,
      "failed"
   ],
   "Fran": [
      80,
      "passed"
   ],
   "Diena": [
      18,
      "failed"
   ],
   "Dianemarie": [
      82,
      "passed"
   ],
   "Doll": [
      82,
      "passed"
   ],
   "Ibbie": [
      70,
      "failed"
   ],
   "Catrina": [
      11,
      "failed"
   ],
   "Ida": [
      70,
      "failed"
   ],
   "Catherina": [
      91,
      "passed"
   ],
   "Isadora": [
      54,
      "failed"
   ],
   "Cassaundra": [
      45,
      "failed"
   ],
   "Elfrieda": [
      80,
      "passed"
   ],
   "Fulvia": [
      22,
      "failed"
   ],
   "Francene": [
      36,
      "failed"
   ],
   "Florri": [
      23,
      "failed"
   ],
   "Elianore": [
      45,
      "failed"
   ],
   "Elena": [
      93,
      "passed"
   ],
   "Freddie": [
      32,
      "failed"
   ],
   "Donetta": [
      64,
      "failed"
   ],
   "Diane": [
      81,
      "passed"
   ],
   "Isobel": [
      77,
      "passed"
   ],
   "Catlee": [
      69,
      "failed"
   ],
   "Eleanore": [
      65,
      "failed"
   ],
   "Celestina": [
      81,
      "passed"
   ],
   "Catharina": [
      25,
      "failed"
   ],
   "Hortensia": [
      91,
      "passed"
   ],
   "Inge": [
      77,
      "passed"
   ],
   "Inez": [
      35,
      "failed"
   ],
   "Ellette": [
      51,
      "failed"
   ],
   "Hollyanne": [
      88,
      "passed"
   ],
   "Doe": [
      54,
      "failed"
   ],
   "Cate": [
      77,
      "passed"
   ],
   "Issy": [
      27,
      "failed"
   ],
   "Didi": [
      10,
      "failed"
   ],
   "Flossy": [
      100,
      "passed"
   ],
   "Dollie": [
      39,
      "failed"
   ],
   "Casi": [
      95,
      "passed"
   ],
   "Illa": [
      38,
      "failed"
   ],
   "Dian": [
      46,
      "failed"
   ],
   "Irena": [
      65,
      "failed"
   ],
   "Elayne": [
      44,
      "failed"
   ],
   "Catriona": [
      77,
      "passed"
   ],
   "Electra": [
      85,
      "passed"
   ],
   "Deny": [
      23,
      "failed"
   ],
   "Casie": [
      20,
      "failed"
   ],
   "Ira": [
      62,
      "failed"
   ],
   "Dorelle": [
      95,
      "passed"
   ],
   "Elizabet": [
      92,
      "passed"
   ],
   "Donna": [
      86,
      "passed"
   ],
   "Dorey": [
      89,
      "passed"
   ],
   "Ella": [
      16,
      "failed"
   ],
   "Elli": [
      51,
      "failed"
   ],
   "Elke": [
      18,
      "failed"
   ],
   "Ivory": [
      25,
      "failed"
   ],
   "Catharine": [
      60,
      "failed"
   ],
   "Devi": [
      76,
      "passed"
   ],
   "Elisabetta": [
      48,
      "failed"
   ],
   "Fleur": [
      39,
      "failed"
   ],
   "Iolanthe": [
      20,
      "failed"
   ],
   "Del": [
      20,
      "failed"
   ],
   "Dore": [
      73,
      "failed"
   ],
   "Elizabeth": [
      95,
      "passed"
   ],
   "Fiona": [
      67,
      "failed"
   ],
   "Gabriella": [
      93,
      "passed"
   ],
   "Ilysa": [
      61,
      "failed"
   ],
   "Elane": [
      75,
      "failed"
   ],
   "Delly": [
      59,
      "failed"
   ],
   "Cassi": [
      95,
      "passed"
   ],
   "Florrie": [
      100,
      "passed"
   ],
   "Cassy": [
      88,
      "passed"
   ],
   "Hynda": [
      100,
      "passed"
   ],
   "Elaine": [
      79,
      "passed"
   ],
   "Elberta": [
      97,
      "passed"
   ],
   "Celine": [
      55,
      "failed"
   ],
   "Doretta": [
      51,
      "failed"
   ],
   "Diahann": [
      94,
      "passed"
   ],
   "Francisca": [
      33,
      "failed"
   ],
   "Celestyna": [
      97,
      "passed"
   ],
   "Imogene": [
      17,
      "failed"
   ],
   "Cathleen": [
      59,
      "failed"
   ],
   "Desiree": [
      26,
      "failed"
   ],
   "Caye": [
      93,
      "passed"
   ],
   "Elissa": [
      71,
      "failed"
   ],
   "Isabel": [
      69,
      "failed"
   ],
   "Celene": [
      21,
      "failed"
   ],
   "Gabey": [
      50,
      "failed"
   ],
   "Deena": [
      51,
      "failed"
   ],
   "Flore": [
      18,
      "failed"
   ],
   "Elle": [
      88,
      "passed"
   ],
   "Idelle": [
      54,
      "failed"
   ],
   "Demetris": [
      70,
      "failed"
   ],
   "Doralia": [
      51,
      "failed"
   ],
   "Florina": [
      74,
      "failed"
   ],
   "Celeste": [
      92,
      "passed"
   ],
   "Dora": [
      61,
      "failed"
   ],
   "Eilis": [
      35,
      "failed"
   ]
}