,id,milk_yield_kg,energy_feed_unity,crude_protein_g,sugar_protein_ratio,cow_is_sovering,pasture_is_hill,bull_is_sovering,milk_fat_percent,percent_protein_in_milk,is_tasty,is_old,bull_name
0,1,5863,14.2,1743,0.89,0,0,0,3.58,3.076,1,1,Буйный
1,2,5529,12.8,2138,0.89,0,0,1,3.54,3.079,1,0,Соловчик
2,3,5810,14.0,1854,0.885,1,1,1,3.59,3.074,0,1,Барин
3,4,5895,12.4,2012,0.885,1,1,0,3.4,3.075,0,1,Буйный
4,5,5302,12.8,1675,0.885,0,0,1,3.73,3.073,1,0,Барин
5,6,5254,12.7,1806,0.885,1,1,1,3.13,3.078,1,0,Барин
6,7,5910,13.2,1792,0.885,0,0,1,3.48,3.077,1,1,Соловчик
7,8,6179,14.7,1806,0.93,0,0,0,3.55,3.076,1,1,Геркулес
8,9,6783,14.2,1918,0.94,1,1,0,3.71,3.077,1,1,Буйный
9,10,5339,13.4,1791,0.895,0,1,1,3.13,3.075,1,0,Барин
10,11,5591,13.7,1678,0.895,1,1,0,3.13,3.075,1,0,Буйный
11,12,6563,16.5,2328,0.93,0,1,1,3.71,3.075,1,1,Соловчик
12,13,6173,15.4,2193,0.93,1,1,1,3.72,3.075,1,1,Барин
13,14,6131,14.5,1766,0.93,1,0,0,3.61,3.076,0,1,Буйный
14,15,6014,16.0,1769,0.93,0,0,0,3.71,3.071,0,1,Геркулес
15,16,6518,15.6,1747,0.93,0,0,0,3.73,3.076,1,1,Буйный
17,18,5777,12.4,1873,0.895,0,1,0,3.03,3.08,1,1,Буйный
18,19,6461,15.7,2159,0.93,1,1,1,3.72,3.073,0,1,Соловчик
19,20,5698,14.3,1759,0.895,1,1,1,3.49,3.072,1,1,Барин
20,21,6752,15.5,1924,0.93,1,1,0,3.73,3.078,1,1,Буйный
21,22,6278,14.6,1947,0.93,1,1,0,3.49,3.071,1,1,Буйный
22,23,6244,15.9,2134,0.93,0,0,1,3.73,3.078,1,1,Соловчик
23,24,6320,14.3,1822,0.93,0,0,0,3.71,3.075,1,1,Геркулес
24,25,5372,13.2,1703,0.895,0,0,0,3.31,3.078,0,0,Буйный
25,26,6365,15.2,1821,0.93,0,0,0,3.73,3.074,0,1,Буйный
26,27,6051,14.8,1901,0.93,1,1,0,3.72,3.074,1,1,Барин
27,28,7028,16.4,2303,0.95,1,1,0,3.7,3.077,1,1,Буйный
28,29,6159,14.6,2173,0.93,0,0,0,3.74,3.076,1,1,Барин
29,30,6672,16.5,1840,0.93,0,1,0,3.73,3.076,0,1,Геркулес
30,31,5242,11.8,1764,0.885,0,1,0,3.21,3.078,1,0,Барин
31,32,6674,14.4,1994,0.93,1,1,0,3.71,3.073,0,1,Буйный
32,33,6930,15.7,1788,0.94,1,1,0,3.72,3.079,1,1,Буйный
33,34,6837,16.1,2141,0.93,0,1,0,3.72,3.078,0,1,Геркулес
34,35,5356,12.9,1734,0.885,0,0,0,3.11,3.075,0,0,Соловчик
35,36,6401,16.4,1768,0.93,1,1,0,3.71,3.073,1,1,Барин
36,37,6150,13.8,1702,0.93,0,1,0,3.11,3.074,1,1,Барин
37,38,6016,14.2,2269,0.93,1,0,0,3.72,3.076,0,1,Соловчик
38,39,5702,13.3,1745,0.895,0,0,0,3.49,3.075,0,1,Буйный
39,40,6303,16.3,1726,0.93,1,1,0,3.7,3.075,1,1,Барин
40,41,6400,14.6,1824,0.93,0,1,0,3.49,3.076,0,1,Геркулес
41,42,6581,15.5,1797,0.93,0,1,0,3.71,3.075,1,1,Буйный
42,43,6033,13.9,1717,0.93,1,1,0,3.72,3.078,0,1,Барин
43,44,5888,14.5,1830,0.885,1,1,0,3.49,3.072,0,1,Барин
44,45,7061,16.4,2041,0.96,0,1,0,3.72,3.079,1,1,Геркулес
45,46,5796,14.1,1797,0.895,0,0,0,3.49,3.074,1,1,Соловчик
46,47,7173,16.7,2146,0.95,1,1,0,3.72,3.075,1,1,Буйный
47,48,6561,15.8,1932,0.93,1,1,0,3.71,3.074,0,1,Соловчик
48,49,6370,15.5,1974,0.93,1,1,0,3.73,3.076,1,1,Барин
49,50,6876,16.2,1930,0.95,1,1,0,3.71,3.079,1,1,Буйный
50,51,5593,13.4,1675,0.895,0,0,0,3.25,3.075,1,0,Геркулес
51,52,6353,14.7,1867,0.93,1,0,0,3.72,3.073,0,1,Буйный
52,53,5517,12.2,1905,0.895,0,0,0,3.34,3.079,0,0,Геркулес
53,54,5378,14.9,1784,0.895,0,1,0,3.24,3.078,1,0,Барин
54,55,5383,13.6,1955,0.895,1,1,0,3.53,3.08,0,0,Барин
55,56,5492,12.5,1816,0.895,1,1,0,3.53,3.076,1,0,Барин
56,57,5643,13.4,2041,0.895,1,1,0,3.53,3.077,1,1,Барин
57,58,6601,15.7,2097,0.93,0,1,0,3.73,3.081,1,1,Буйный
58,59,6274,14.8,2264,0.93,0,1,0,3.53,3.081,1,1,Буйный
59,60,6697,16.5,1769,0.93,1,1,0,3.71,3.077,0,1,Буйный
60,61,6924,16.4,2121,0.95,1,1,0,3.72,3.075,1,1,Буйный
61,62,5639,11.8,1664,0.895,1,1,0,3.16,3.071,1,1,Барин
62,63,6564,16.3,1991,0.93,0,1,0,3.71,3.075,0,1,Соловчик
63,64,6073,14.0,2122,0.93,1,1,0,3.53,3.079,1,1,Буйный
64,65,6559,16.3,2058,0.93,1,1,0,3.72,3.077,1,1,Барин
65,66,6163,15.2,1999,0.93,0,1,0,3.72,3.079,0,1,Соловчик
66,67,6006,14.6,2327,0.93,1,1,0,3.71,3.077,1,1,Соловчик
67,68,5940,14.2,2100,0.885,1,1,0,3.53,3.076,1,1,Барин
68,69,6179,15.2,2122,0.93,0,1,0,3.48,3.08,0,1,Соловчик
69,70,5565,12.5,1894,0.895,0,0,0,3.61,3.079,1,0,Соловчик
70,71,7222,16.8,2157,0.95,0,1,0,3.7,3.076,1,1,Геркулес
71,72,5809,13.5,2093,0.895,1,0,0,3.61,3.079,0,1,Барин
72,73,5718,13.7,2212,0.895,1,1,0,3.61,3.077,1,1,Барин
73,74,5381,12.9,1804,0.895,1,0,0,3.61,3.074,0,0,Барин
74,75,6173,13.9,1703,0.93,1,1,0,3.48,3.074,0,1,Барин
75,76,5281,12.8,1769,0.885,1,1,0,3.48,3.072,1,0,Барин
76,77,6865,14.9,2189,0.93,0,0,0,3.71,3.071,0,1,Геркулес
77,78,5871,14.7,1795,0.895,0,0,0,3.61,3.082,1,1,Соловчик
78,79,6037,14.4,2106,0.93,1,1,0,3.73,3.078,1,1,Барин
79,80,5813,12.8,1888,0.895,0,0,0,3.61,3.079,1,1,Геркулес
80,81,5640,14.9,1849,0.895,0,0,0,3.48,3.073,0,1,Геркулес
81,82,6618,15.9,2285,0.93,0,1,0,3.72,3.074,1,1,Барин
82,83,6474,15.7,1838,0.93,0,0,0,3.72,3.077,0,1,Буйный
83,84,6240,14.9,1790,0.93,0,1,0,3.26,3.075,1,1,Барин
84,85,6686,16.7,2018,0.93,0,1,0,3.72,3.07,1,1,Барин
85,86,6398,15.9,1750,0.93,0,0,0,3.73,3.079,1,1,Буйный
86,87,5564,13.4,1883,0.885,0,1,0,3.61,3.079,1,0,Барин
87,88,6153,14.0,1909,0.93,0,1,0,3.61,3.076,0,1,Геркулес
88,89,5533,14.6,1703,0.895,0,0,0,3.57,3.081,0,0,Барин
89,90,5776,13.9,1778,0.885,0,1,0,3.57,3.074,0,1,Соловчик
90,91,6572,15.7,1800,0.93,0,0,0,3.73,3.078,1,1,Буйный
91,92,6036,16.2,2178,0.93,0,1,0,3.71,3.073,1,1,Буйный
92,93,5931,15.6,1783,0.895,0,1,0,3.57,3.073,1,1,Барин
93,94,6372,14.1,1984,0.93,0,0,0,3.72,3.076,0,1,Буйный
94,95,6403,14.3,1721,0.93,0,0,0,3.73,3.074,1,1,Буйный
95,96,6976,16.4,2263,0.95,0,1,0,3.71,3.078,1,1,Буйный
96,97,6267,15.2,2088,0.93,0,1,1,3.71,3.073,1,1,Барин
97,98,6262,15.1,1985,0.93,0,0,1,3.25,3.075,0,1,Барин
98,99,5639,14.7,1727,0.885,0,0,0,3.26,3.071,0,1,Геркулес
99,100,6059,15.2,2132,0.93,0,0,1,3.73,3.077,0,1,Барин
100,101,6724,15.1,1821,0.95,0,1,0,3.72,3.077,0,1,Буйный
101,102,6013,15.7,1755,0.93,0,1,1,3.71,3.074,1,1,Барин
102,103,6248,15.9,2196,0.93,0,0,1,3.71,3.072,0,1,Соловчик
103,104,5591,12.7,1767,0.885,0,0,0,3.26,3.075,0,0,Буйный
104,105,5700,14.4,1934,0.885,0,0,1,3.57,3.079,1,1,Барин
105,106,6750,15.5,1958,0.95,0,1,0,3.71,3.073,1,1,Буйный
106,107,5417,13.2,1848,0.89,0,1,1,3.57,3.076,1,0,Барин
107,108,6392,14.9,1742,0.93,0,0,0,3.72,3.073,1,1,Геркулес
108,109,5617,13.5,1923,0.89,0,0,0,3.26,3.073,0,1,Буйный
109,110,6414,13.9,1808,0.93,0,0,0,3.73,3.078,1,1,Буйный
110,111,6763,16.3,2246,0.93,0,0,0,3.72,3.074,1,1,Буйный
111,112,6862,15.6,2208,0.94,0,1,0,3.71,3.076,1,1,Буйный
112,113,6345,15.8,1715,0.93,0,1,1,3.73,3.078,1,1,Барин
113,114,5601,13.3,1888,0.89,0,1,1,3.57,3.078,1,1,Барин
114,115,5412,12.1,1924,0.89,0,0,1,3.57,3.071,0,0,Соловчик
115,116,6576,16.2,1818,0.93,0,0,0,3.7,3.073,1,1,Буйный
116,117,5442,13.4,1742,0.89,0,0,1,3.58,3.074,0,0,Барин
117,118,5895,14.1,1800,0.89,0,1,1,3.58,3.076,0,1,Соловчик
118,119,5998,14.2,1873,0.89,0,0,1,3.72,3.074,1,1,Соловчик
119,120,5882,14.6,1812,0.89,0,1,1,3.58,3.076,1,1,Барин
120,121,5784,11.8,1664,0.89,0,0,1,3.44,3.073,0,1,Барин
121,122,6350,15.7,1914,0.93,0,0,1,3.73,3.075,0,1,Барин
122,123,6109,15.8,2067,0.93,0,1,0,3.58,3.08,1,1,Буйный
123,124,6605,14.7,1820,0.94,0,0,0,3.72,3.073,1,1,Геркулес
124,125,6209,14.4,2126,0.94,0,1,1,3.72,3.074,1,1,Соловчик
125,126,6232,15.8,1879,0.95,0,0,1,3.73,3.074,0,1,Барин
126,127,6572,16.6,2081,0.95,0,0,1,3.72,3.078,0,1,Барин
127,128,6623,15.5,2108,0.94,0,1,1,3.73,3.078,1,1,Соловчик
128,129,6463,16.1,2095,0.95,0,0,1,3.73,3.078,1,1,Соловчик
129,130,5692,12.7,1912,0.85,0,0,1,3.44,3.074,0,1,Барин
130,131,6607,15.3,2172,0.95,0,1,1,3.73,3.075,1,1,Барин
131,132,5906,14.7,1720,0.89,0,0,1,3.58,3.074,1,1,Барин
132,133,6267,13.9,2246,0.94,0,1,1,3.73,3.075,1,1,Барин
133,134,6730,16.5,1987,0.95,0,0,0,3.72,3.075,0,1,Буйный
134,135,6162,15.7,1987,0.94,0,1,1,3.73,3.074,1,1,Барин
135,136,7207,16.6,2343,0.94,0,1,0,3.72,3.078,1,1,Буйный
136,137,6081,14.7,2238,0.94,0,1,0,3.58,3.078,1,1,Буйный
137,138,6707,14.6,2184,0.93,0,1,0,3.72,3.079,0,1,Буйный
138,139,6454,16.3,1875,0.95,0,1,1,3.72,3.079,1,1,Барин
139,140,5833,14.1,1977,0.89,0,0,0,3.58,3.078,1,1,Буйный
140,141,5397,13.1,1666,0.85,0,1,1,3.58,3.075,1,0,Барин
141,142,6502,16.1,1791,0.94,0,0,1,3.74,3.078,0,1,Соловчик
142,143,6553,15.1,2182,0.95,0,0,0,3.73,3.08,0,1,Буйный
143,144,5976,13.7,1795,0.89,0,0,1,3.58,3.076,0,1,Соловчик
144,145,6373,14.2,1958,0.93,0,1,0,3.58,3.078,0,1,Буйный
145,146,5263,12.3,1960,0.85,0,0,1,3.44,3.072,0,0,Соловчик
146,147,5340,13.8,1861,0.84,0,0,0,3.38,3.078,0,0,Буйный
147,148,5672,12.3,1815,0.84,0,1,1,3.18,3.073,1,1,Барин
148,149,6075,15.2,1864,0.94,0,1,1,3.71,3.075,1,1,Соловчик
149,150,5675,14.1,1814,0.89,0,0,1,3.59,3.077,1,1,Барин
150,151,6221,14.7,2156,0.93,0,0,1,3.72,3.074,0,1,Соловчик
151,152,5894,14.8,2097,0.89,0,1,1,3.59,3.079,1,1,Барин
152,153,5778,13.3,2216,0.89,0,0,1,3.59,3.079,1,1,Барин
153,154,6288,15.6,1981,0.94,0,0,1,3.71,3.076,1,1,Барин
154,155,6763,14.6,2126,0.93,0,1,0,3.72,3.075,0,1,Буйный
155,156,5421,13.2,2138,0.86,0,0,1,3.59,3.073,0,0,Барин
156,157,5714,11.8,1849,0.86,0,1,0,3.44,3.08,1,1,Буйный
157,158,5415,12.8,1911,0.86,0,1,1,3.59,3.075,1,0,Барин
158,159,5955,14.6,1762,0.89,0,0,0,3.59,3.077,1,1,Буйный
159,160,6262,14.4,1666,0.93,0,0,0,3.59,3.075,1,1,Геркулес
160,161,5766,14.1,1869,0.89,0,0,1,3.59,3.077,0,1,Барин
161,162,6296,14.0,2188,0.94,0,1,0,3.59,3.08,1,1,Буйный
162,163,5992,13.1,1676,0.86,0,1,0,3.59,3.072,1,1,Буйный
163,164,5566,12.1,1802,0.88,0,0,1,3.59,3.077,0,0,Барин
164,165,5763,13.6,1766,0.89,0,0,1,3.61,3.071,1,1,Барин
165,166,5865,12.3,1691,0.86,0,1,1,3.42,3.076,1,1,Соловчик
166,167,6672,16.7,1952,0.94,0,1,1,3.71,3.072,1,1,Соловчик
167,168,6399,15.3,2086,0.93,0,1,0,3.61,3.078,0,1,Геркулес
168,169,5869,12.9,1804,0.86,0,1,0,3.42,3.077,0,1,Буйный
169,170,5956,13.2,2062,0.89,0,0,0,3.61,3.077,0,1,Геркулес
170,171,5848,16.1,1661,0.89,0,1,1,3.61,3.076,1,1,Барин
171,172,6441,14.1,2109,0.94,0,0,0,3.73,3.08,1,1,Буйный
172,173,5441,12.4,1710,0.86,0,0,1,3.61,3.074,0,0,Барин
173,174,5342,13.7,1994,0.86,0,1,1,3.42,3.074,1,0,Барин
174,175,7043,15.7,2041,0.94,0,1,0,3.71,3.074,1,1,Буйный
175,176,6245,14.2,1846,0.93,0,1,0,3.61,3.078,0,1,Буйный
176,177,7141,16.5,2082,0.94,0,1,0,3.71,3.075,1,1,Геркулес
177,178,6800,15.3,1824,0.94,0,1,0,3.71,3.074,1,1,Геркулес
178,179,5716,13.6,1986,0.89,0,1,1,3.61,3.081,1,1,Барин
179,180,6478,15.4,1799,0.94,0,0,0,3.71,3.077,1,1,Буйный
180,181,5367,13.1,1720,0.86,0,0,1,3.42,3.072,0,0,Барин
181,182,6502,16.5,2324,0.95,0,0,1,3.74,3.079,0,1,Соловчик
182,183,5456,13.8,1798,0.86,0,0,1,3.61,3.071,0,0,Барин
183,184,6106,14.2,1706,0.94,0,1,1,3.73,3.074,1,1,Барин
184,185,6112,15.8,1833,0.94,0,0,1,3.71,3.077,1,1,Соловчик
185,186,6063,14.9,1843,0.94,0,0,0,3.61,3.076,0,1,Буйный
186,187,6186,14.7,1817,0.94,0,1,0,3.61,3.077,1,1,Геркулес
187,188,6513,14.9,1813,0.93,0,1,0,3.62,3.075,0,1,Буйный
188,189,6501,15.6,2233,0.94,0,0,1,3.71,3.074,0,1,Соловчик
189,190,6524,16.2,1880,0.94,0,1,1,3.73,3.076,1,1,Барин
190,191,6420,16.6,1966,0.96,0,0,1,3.73,3.077,1,1,Барин
191,192,5901,13.1,2137,0.89,0,0,1,3.62,3.075,0,1,Барин
192,193,6406,16.4,1812,0.94,0,0,1,3.72,3.072,1,1,Соловчик
193,194,5570,12.7,1875,0.86,0,0,0,3.42,3.078,0,0,Буйный
194,195,7113,15.5,2074,0.94,0,1,0,3.72,3.072,1,1,Буйный
195,196,5891,13.7,1856,0.89,0,1,1,3.62,3.076,1,1,Барин
196,197,6366,14.6,2125,0.93,0,1,0,3.62,3.077,0,1,Буйный
197,198,6343,14.4,2063,0.94,0,1,0,3.62,3.079,1,1,Буйный
198,199,6418,15.4,1998,0.94,0,1,1,3.73,3.08,1,1,Соловчик
199,200,6238,15.2,1876,0.93,0,1,0,3.62,3.076,0,1,Буйный
200,201,5443,13.2,2130,0.86,0,0,1,3.62,3.076,0,0,Соловчик
201,202,6473,16.5,2033,0.95,0,1,1,3.73,3.078,1,1,Барин
202,203,6112,16.4,1871,0.94,0,0,1,3.72,3.079,1,1,Соловчик
203,204,7001,15.8,1960,0.94,0,1,0,3.73,3.071,1,1,Буйный
204,205,6038,14.7,1894,0.95,0,0,1,3.75,3.081,1,1,Барин
205,206,6550,14.6,2263,0.94,0,0,0,3.74,3.079,1,1,Буйный
206,207,5913,13.2,1972,0.88,0,1,1,3.62,3.077,0,1,Барин
207,208,5845,14.8,1763,0.9,0,0,1,3.62,3.073,0,1,Барин
208,209,6164,16.1,2229,0.94,0,0,1,3.74,3.076,1,1,Барин
209,210,5941,13.8,1685,0.84,0,0,1,3.41,3.076,0,1,Барин
210,211,6723,16.4,1894,0.94,0,0,0,3.72,3.074,1,1,Буйный
211,212,5415,11.9,1711,0.86,0,0,0,3.42,3.073,0,0,Буйный
212,213,5637,12.3,2087,0.86,0,1,0,3.42,3.08,1,1,Буйный
213,214,6081,13.6,1816,0.93,0,0,1,3.72,3.074,0,1,Барин
214,215,5604,13.3,1731,0.88,0,0,1,3.62,3.074,0,1,Барин
215,216,5795,12.7,1687,0.86,0,1,0,3.42,3.076,0,1,Буйный
216,217,6704,14.2,1800,0.93,0,1,0,3.71,3.072,0,1,Буйный
217,218,6559,14.7,1796,0.93,0,1,0,3.71,3.073,0,1,Буйный
218,219,6456,16.5,1687,0.94,0,0,0,3.72,3.073,1,1,Буйный
219,220,6110,15.2,2136,0.94,0,1,1,3.71,3.074,1,1,Барин
220,221,5322,12.5,1735,0.86,0,1,1,3.42,3.075,0,0,Барин
221,222,6745,15.4,1844,0.94,0,0,0,3.71,3.072,0,1,Буйный
222,223,5571,12.9,1998,0.89,0,0,1,3.62,3.077,1,0,Соловчик
223,224,6656,16.2,1688,0.93,0,0,0,3.71,3.076,1,1,Геркулес
224,225,5546,13.3,1738,0.89,0,0,0,3.27,3.074,1,0,Буйный
225,226,6755,15.9,1816,0.93,0,0,0,3.73,3.074,1,1,Геркулес
226,227,7100,16.6,2293,0.95,0,1,0,3.72,3.079,1,1,Буйный
227,228,5283,12.5,1879,0.89,0,0,1,3.27,3.076,1,0,Соловчик
228,229,6196,14.8,2140,0.94,0,1,1,3.72,3.076,1,1,Барин
229,230,5877,12.5,1926,0.89,0,1,0,3.27,3.078,1,1,Буйный
230,231,6164,15.2,1930,0.94,0,1,1,3.73,3.076,1,1,Соловчик
231,232,5331,12.2,1986,0.89,0,1,1,3.27,3.077,1,0,Соловчик
232,233,6651,16.7,1992,0.94,0,1,1,3.72,3.074,1,1,Барин
233,234,6016,15.7,2003,0.94,0,1,1,3.71,3.076,1,1,Соловчик
234,235,7067,15.8,2053,0.94,0,1,0,3.73,3.079,1,1,Буйный
235,236,6470,16.7,2341,0.95,0,1,1,3.73,3.081,1,1,Барин
236,237,6498,14.4,1739,0.93,0,1,0,3.62,3.075,0,1,Буйный
237,238,5884,14.6,1761,0.89,0,0,1,3.62,3.076,1,1,Соловчик
238,239,6248,14.7,2190,0.94,0,0,1,3.72,3.074,0,1,Соловчик
239,240,5635,12.9,2059,0.89,0,1,1,3.62,3.076,1,1,Барин
240,241,5568,13.4,1733,0.88,0,0,1,3.63,3.069,0,0,Соловчик
241,242,6708,15.6,1722,0.94,0,1,0,3.73,3.076,1,1,Буйный
242,243,6122,15.7,2237,0.94,0,1,1,3.71,3.077,1,1,Соловчик
243,244,6108,13.7,1682,0.93,0,0,0,3.63,3.076,0,1,Буйный
244,245,6572,16.2,1757,0.94,0,1,1,3.72,3.075,1,1,Барин
245,246,6168,15.7,1917,0.95,0,1,1,3.72,3.076,1,1,Барин
246,247,6482,15.6,2206,0.94,0,1,0,3.63,3.073,1,1,Буйный
247,248,6563,15.6,1985,0.95,0,0,1,3.72,3.073,0,1,Барин
248,249,6716,16.3,2258,0.94,0,0,0,3.73,3.079,0,1,Геркулес
249,250,6342,15.6,2202,0.95,1,1,1,3.74,3.079,1,1,Барин
250,251,6471,15.3,2100,0.93,1,0,0,3.73,3.077,0,1,Буйный
251,252,5846,14.3,1756,0.88,1,0,1,3.63,3.072,0,1,Барин
252,253,5754,13.7,1945,0.89,1,1,1,3.63,3.078,1,1,Барин
253,254,6084,15.1,1872,0.94,1,1,1,3.72,3.075,1,1,Соловчик
254,255,5645,13.2,1783,0.88,1,1,1,3.63,3.075,0,1,Барин
255,256,5780,12.7,1672,0.89,1,1,1,3.27,3.077,1,1,Барин
256,257,5287,12.3,1929,0.89,1,0,1,3.27,3.076,0,0,Барин
257,258,5952,13.1,1795,0.89,1,0,1,3.63,3.074,0,1,Барин
258,259,5919,14.5,1673,0.88,1,0,1,3.63,3.07,0,1,Барин
259,260,6557,15.3,1801,0.93,1,1,0,3.7,3.07,0,1,Буйный
260,261,6277,14.9,2043,0.94,1,0,1,3.71,3.073,1,1,Барин
261,262,6052,14.8,1750,0.94,1,1,1,3.72,3.076,1,1,Барин
262,263,5358,12.9,1676,0.84,1,0,0,3.12,3.072,0,0,Геркулес
263,264,6477,16.3,2191,0.95,1,1,1,3.72,3.078,1,1,Барин
264,265,7133,16.3,2311,0.94,1,1,0,3.72,3.078,1,1,Буйный
265,266,6461,14.7,1874,0.94,1,1,0,3.63,3.075,1,1,Буйный
266,267,6169,15.4,1717,0.94,1,1,0,3.63,3.074,1,1,Буйный
267,268,6821,15.3,1736,0.94,1,0,0,3.72,3.073,1,1,Буйный
268,269,5380,13.1,1669,0.89,1,1,1,3.27,3.072,0,0,Барин
269,270,5506,12.6,1880,0.88,1,1,1,3.63,3.077,0,0,Соловчик
270,271,6597,14.2,2204,0.95,1,0,1,3.74,3.079,0,1,Барин
271,272,5971,13.4,1775,0.88,1,0,0,3.63,3.071,1,1,Геркулес
272,273,5987,15.2,1930,0.89,1,1,1,3.72,3.075,1,1,Барин
273,274,5204,12.3,2021,0.89,1,1,1,3.27,3.075,1,0,Барин
274,275,6116,15.7,2221,0.95,1,0,1,3.72,3.075,1,1,Барин
275,276,5375,13.7,1712,0.89,1,0,1,3.27,3.076,1,0,Барин
276,277,5432,14.2,1933,0.89,1,1,1,3.64,3.077,1,0,Барин
277,278,6112,14.6,1988,0.93,1,1,1,3.73,3.075,0,1,Барин
278,279,6755,15.9,2142,0.94,1,0,0,3.7,3.071,1,1,Геркулес
279,280,6158,16.2,2092,0.95,0,0,1,3.73,3.077,0,1,Барин
280,281,6133,15.5,2239,0.94,0,1,1,3.72,3.081,1,1,Барин
281,282,5893,13.6,1978,0.88,1,0,1,3.64,3.076,0,1,Барин
282,283,6701,16.8,2077,0.95,1,1,1,3.69,3.072,1,1,Барин
283,284,5770,13.9,1732,0.88,0,1,1,3.64,3.073,0,1,Барин
284,285,5735,11.8,1712,0.84,1,1,1,3.13,3.077,1,1,Барин
285,286,6967,15.4,2056,0.94,1,1,0,3.22,3.074,1,1,Буйный
286,287,6679,15.7,2267,0.95,0,1,1,3.31,3.074,1,1,Соловчик
287,288,6263,14.6,2177,0.93,1,1,1,3.16,3.079,0,1,Соловчик
288,289,7014,15.7,1946,0.94,1,1,0,3.25,3.077,1,1,Буйный
289,290,5284,12.4,1694,0.89,0,1,1,3.38,3.073,0,0,Барин
290,291,5939,14.9,1667,0.89,1,0,0,3.64,3.072,1,1,Буйный
291,292,5816,14.7,1715,0.88,1,1,1,3.64,3.073,0,1,Барин
292,293,6071,14.9,2036,0.94,1,1,1,3.12,3.079,1,1,Барин
293,294,6663,14.9,2317,0.95,1,1,1,3.72,3.077,1,1,Соловчик
294,295,7197,15.6,2241,0.94,1,1,0,3.71,3.075,1,1,Буйный
295,296,5698,13.5,1709,0.84,0,1,0,3.27,3.074,1,1,Буйный
296,297,7201,15.8,2077,0.94,1,1,0,3.71,3.072,1,1,Буйный
297,298,6336,14.9,1665,0.93,1,1,0,3.64,3.075,0,1,Буйный
298,299,6558,14.6,2331,0.95,0,0,0,3.74,3.08,1,1,Буйный
299,300,6334,14.4,1698,0.93,0,1,0,3.64,3.074,0,1,Буйный
300,301,6523,15.1,2188,0.94,1,0,1,3.73,3.075,0,1,Барин
301,302,5896,12.8,1853,0.84,0,1,0,3.18,3.078,0,1,Геркулес
302,303,6139,15.8,1913,0.94,0,1,1,3.72,3.078,1,1,Соловчик
303,304,6649,16.7,2207,0.94,1,1,1,3.72,3.07,1,1,Соловчик
304,305,6381,16.1,1890,0.94,1,0,0,3.71,3.073,1,1,Буйный
305,306,5594,13.8,1849,0.88,1,0,1,3.64,3.073,1,0,Соловчик
306,307,6561,16.5,2211,0.95,1,0,0,3.71,3.075,1,1,Буйный
307,308,5936,13.2,1993,0.89,0,0,0,3.64,3.076,1,1,Буйный
308,309,6373,15.1,2205,0.94,1,1,1,3.74,3.075,1,1,Барин
309,310,6046,14.7,1710,0.93,0,1,0,3.64,3.076,0,1,Буйный
310,311,5963,14.9,1946,0.89,0,1,1,3.64,3.074,1,1,Барин
311,312,5695,14.5,2049,0.88,1,1,1,3.64,3.079,1,1,Барин
312,313,6343,15.6,1964,0.94,0,0,1,3.72,3.077,1,1,Соловчик
313,314,6358,15.6,1824,0.94,1,0,0,3.73,3.071,1,1,Буйный
314,315,5644,12.3,1714,0.84,0,1,0,3.18,3.077,1,1,Буйный
315,316,6130,15.2,1861,0.93,0,1,1,3.73,3.076,0,1,Барин
316,317,6515,15.2,2221,0.93,0,1,1,3.72,3.077,0,1,Соловчик
317,318,5574,14.7,1834,0.88,0,1,1,3.64,3.081,0,0,Барин
318,319,6741,14.6,1881,0.93,0,0,0,3.74,3.077,0,1,Буйный
319,320,6027,15.8,1832,0.95,1,0,1,3.73,3.076,1,1,Барин
320,321,6601,16.5,1772,0.94,1,0,0,3.72,3.073,1,1,Буйный
321,322,5723,12.9,1684,0.84,0,0,1,3.18,3.073,0,1,Барин
322,323,5215,13.1,1741,0.84,1,0,1,3.18,3.07,0,0,Барин
323,324,6567,15.1,1964,0.93,1,1,0,3.7,3.071,0,1,Буйный
324,325,5592,15.6,1719,0.89,1,1,1,3.64,3.074,1,0,Барин
325,326,6140,13.9,1699,0.93,0,0,1,3.37,3.079,0,1,Барин
326,327,5657,15.0,1780,0.89,1,0,1,3.64,3.07,1,1,Барин
327,328,6522,16.4,2270,0.95,1,1,1,3.73,3.077,1,1,Соловчик
328,329,5833,13.1,2077,0.89,0,0,0,3.64,3.076,1,1,Геркулес
329,330,6084,15.6,1949,0.94,1,1,1,3.72,3.076,1,1,Барин
330,331,5989,13.6,1913,0.88,0,0,1,3.72,3.074,1,1,Соловчик
331,332,6509,15.2,1814,0.93,1,0,0,3.72,3.072,1,1,Буйный
332,333,5710,13.0,2224,0.84,0,0,0,3.65,3.077,0,1,Геркулес
333,334,5642,13.8,1692,0.88,1,0,1,3.65,3.071,0,1,Барин
334,335,6036,15.6,2084,0.95,1,1,1,3.73,3.077,1,1,Барин
335,336,5636,14.3,1794,0.88,0,1,1,3.65,3.075,0,1,Соловчик
336,337,5513,14.5,1744,0.89,1,1,1,3.65,3.07,1,0,Барин
337,338,5926,14.4,1819,0.89,0,0,0,3.65,3.077,1,1,Буйный
338,339,6184,15.1,1764,0.94,1,1,1,3.74,3.077,1,1,Барин
339,340,6498,15.5,1940,0.95,0,0,0,3.74,3.077,1,1,Буйный
340,341,5497,14.7,1751,0.84,0,0,0,3.18,3.074,0,0,Буйный
341,342,6293,14.7,2136,0.94,0,0,0,3.72,3.075,1,1,Геркулес
342,343,6173,15.8,2181,0.95,1,0,1,3.72,3.074,0,1,Барин
343,344,6728,16.1,1931,0.94,0,1,0,3.71,3.077,1,1,Геркулес
344,345,5456,12.1,1788,0.84,1,1,1,3.33,3.078,1,0,Барин
345,346,6290,15.5,1817,0.94,1,1,1,3.71,3.073,1,1,Барин
346,347,5759,14.7,2133,0.89,0,0,1,3.65,3.074,1,1,Соловчик
347,348,5613,14.3,1727,0.89,1,1,1,3.65,3.07,1,1,Барин
348,349,6501,14.4,2040,0.94,1,1,0,3.65,3.075,1,1,Буйный
349,350,6171,15.3,1966,0.94,1,0,1,3.73,3.076,1,1,Барин
350,351,5509,12.5,1853,0.84,0,0,0,3.18,3.078,0,0,Буйный
351,352,6734,16.3,1767,0.94,0,0,0,3.73,3.074,0,1,Геркулес
352,353,7031,16.8,2308,0.95,0,1,0,3.73,3.08,1,1,Буйный
353,354,6455,14.8,1835,0.93,1,0,1,3.71,3.072,0,1,Соловчик
354,355,6292,16.2,2050,0.95,1,0,1,3.73,3.076,0,1,Барин
355,356,5342,11.9,1743,0.89,0,1,1,3.18,3.076,1,0,Соловчик
356,357,5827,13.6,1718,0.89,0,1,1,3.34,3.075,1,0,Барин
357,358,6617,15.4,1729,0.93,1,1,0,3.71,3.074,0,1,Буйный
358,359,5612,12.9,1691,0.89,1,0,0,3.34,3.073,1,1,Буйный
359,360,5529,13.4,1733,0.89,1,1,1,3.34,3.072,0,0,Барин
360,361,6133,13.3,1960,0.93,0,0,0,3.65,3.076,1,1,Геркулес
361,362,6048,15.1,1750,0.93,0,1,1,3.72,3.079,0,1,Соловчик
362,363,6122,13.5,2041,0.93,0,1,0,3.65,3.075,0,1,Буйный
363,364,6560,15.6,1781,0.94,1,0,0,3.73,3.075,1,1,Геркулес
364,365,6165,14.0,1937,0.93,0,1,0,3.65,3.078,0,1,Буйный
365,366,5456,13.2,1786,0.89,1,1,1,3.65,3.074,0,0,Барин
366,367,6453,15.9,1896,0.94,0,1,0,3.65,3.08,1,1,Буйный
367,368,5733,13.5,1986,0.89,0,0,1,3.65,3.077,0,1,Соловчик
368,369,6043,15.1,1714,0.94,0,1,1,3.73,3.079,1,1,Барин
369,370,6304,16.5,1731,0.94,1,1,1,3.73,3.076,1,1,Барин
370,371,6789,15.7,1773,0.94,1,1,0,3.72,3.073,1,1,Буйный
371,372,6592,15.4,1810,0.93,1,0,0,3.72,3.073,0,1,Геркулес
372,373,6600,15.6,1971,0.94,0,0,0,3.73,3.076,1,1,Буйный
373,374,6501,15.5,1712,0.94,1,0,0,3.72,3.075,1,1,Буйный
374,375,6492,13.9,1969,0.94,1,0,0,3.74,3.077,1,1,Буйный
375,376,5997,14.5,1744,0.89,0,0,0,3.65,3.077,0,1,Геркулес
376,377,6088,14.8,1771,0.93,0,1,1,3.72,3.078,0,1,Соловчик
377,378,5650,11.9,1682,0.84,0,0,1,3.22,3.073,0,1,Барин
378,379,6609,16.4,2283,0.94,1,1,1,3.71,3.076,1,1,Барин
379,380,6416,13.7,2211,0.94,1,0,1,3.72,3.073,1,1,Соловчик
380,381,6018,13.9,1980,0.93,0,1,0,3.65,3.075,1,1,Буйный
381,382,5910,13.2,1662,0.89,1,1,1,3.34,3.072,1,1,Барин
382,383,6060,13.9,1705,0.93,1,1,0,3.65,3.072,0,1,Буйный
383,384,5268,12.5,1889,0.89,1,1,1,3.34,3.072,1,0,Барин
384,385,5361,12.9,1947,0.89,0,1,1,3.34,3.078,1,0,Барин
385,386,6416,14.0,2266,0.94,0,1,0,3.65,3.077,1,1,Буйный
386,387,5493,14.1,1785,0.89,0,0,1,3.65,3.078,1,0,Соловчик
387,388,6350,16.4,2126,0.94,0,0,1,3.73,3.077,1,1,Соловчик
388,389,6472,16.2,2073,0.93,1,1,1,3.71,3.072,0,1,Соловчик
389,390,6331,15.9,1846,0.94,1,0,1,3.72,3.074,1,1,Барин
390,391,5544,12.8,1768,0.88,0,0,1,3.59,3.073,0,0,Соловчик
391,392,6248,14.6,1750,0.94,1,1,0,3.59,3.075,1,1,Буйный
392,393,6743,15.8,1820,0.93,0,1,0,3.71,3.079,0,1,Геркулес
393,394,6841,15.1,2010,0.94,0,1,0,3.72,3.076,1,1,Буйный
394,395,6351,14.9,2231,0.93,0,1,1,3.72,3.078,0,1,Соловчик
395,396,6320,15.0,1689,0.94,0,0,0,3.73,3.074,1,1,Геркулес
396,397,6015,15.0,1739,0.93,1,1,1,3.72,3.077,0,1,Барин
397,398,5207,13.3,1829,0.89,1,1,1,3.48,3.077,0,0,Барин
398,399,5257,11.9,1793,0.89,0,0,1,3.48,3.075,1,0,Барин
399,400,5561,12.6,1692,0.89,0,1,1,3.59,3.079,1,0,Барин
400,401,5887,14.2,1877,0.89,1,1,1,3.59,3.074,1,1,Барин
401,402,5814,14.6,1794,0.89,0,1,1,3.59,3.077,1,1,Барин
402,403,6153,13.5,2169,0.94,0,0,0,3.59,3.078,0,1,Буйный
403,404,5262,12.6,1786,0.89,0,0,1,3.48,3.081,1,0,Барин
404,405,6638,15.8,2334,0.95,1,1,1,3.72,3.078,1,1,Барин
405,406,6475,15.6,2091,0.94,0,0,1,3.72,3.076,0,1,Соловчик
406,407,6405,16.3,2206,0.94,1,0,1,3.72,3.075,1,1,Барин
407,408,5392,11.9,1827,0.89,0,0,1,3.59,3.078,1,0,Соловчик
408,409,6272,14.1,1989,0.93,0,0,0,3.59,3.077,0,1,Геркулес
409,410,5950,14.2,2136,0.89,0,0,1,3.59,3.075,0,1,Барин
410,411,6466,14.1,2035,0.93,0,1,0,3.59,3.077,0,1,Буйный
411,412,5805,13.4,1999,0.88,0,1,1,3.59,3.076,0,1,Соловчик
412,413,5510,12.8,1672,0.88,0,1,1,3.59,3.076,0,0,Барин
413,414,6085,14.8,2167,0.95,1,0,1,3.71,3.073,1,1,Барин
414,415,6293,13.5,2249,0.94,0,1,0,3.59,3.079,1,1,Буйный
415,416,6061,14.5,2152,0.94,0,1,1,3.72,3.078,1,1,Барин
416,417,6479,13.6,2206,0.94,0,1,0,3.61,3.078,1,1,Буйный
417,418,6449,16.2,1860,0.94,1,0,1,3.73,3.075,0,1,Соловчик
418,419,5751,12.4,2081,0.89,1,0,0,3.61,3.07,1,1,Буйный
419,420,6505,14.1,2087,0.93,0,1,0,3.61,3.077,0,1,Буйный
420,421,6547,15.5,2069,0.94,0,0,0,3.72,3.076,1,1,Геркулес
421,422,5982,13.8,1722,0.89,1,1,0,3.61,3.073,0,1,Буйный
422,423,6681,14.6,2171,0.95,0,0,0,3.73,3.075,1,1,Геркулес
423,424,6991,16.7,2349,0.95,0,0,0,3.73,3.08,0,1,Геркулес
424,425,5823,15.1,1753,0.89,1,0,1,3.61,3.074,1,1,Барин
425,426,5717,12.7,1710,0.89,0,0,0,3.61,3.073,1,1,Буйный
426,427,6701,15.7,2068,0.94,1,1,0,3.72,3.082,1,1,Буйный
427,428,6852,16.6,2338,0.94,1,0,0,3.72,3.076,1,1,Геркулес
428,429,5860,12.6,1719,0.88,1,1,0,3.21,3.073,1,1,Геркулес
429,430,6139,13.9,1853,0.94,1,1,0,3.61,3.075,1,1,Буйный
430,431,5694,13.5,1721,0.88,1,0,1,3.61,3.076,1,1,Барин
431,432,6617,14.7,1762,0.94,1,1,0,3.71,3.075,1,1,Буйный
432,433,6390,15.5,1908,0.93,1,1,1,3.71,3.072,0,1,Барин
433,434,5785,12.8,1935,0.88,0,1,1,3.21,3.076,1,1,Барин
434,435,6573,15.6,1815,0.94,1,0,1,3.73,3.075,1,1,Барин
435,436,6054,15.7,1859,0.94,1,1,1,3.71,3.08,1,1,Барин
436,437,5858,13.1,1949,0.88,0,0,0,3.61,3.075,0,1,Буйный
437,438,5981,14.1,2088,0.88,0,1,0,3.61,3.075,1,1,Буйный
438,439,6751,15.7,2098,0.94,1,1,0,3.7,3.076,1,1,Буйный
439,440,6342,13.4,1821,0.93,1,1,0,3.61,3.076,0,1,Буйный
440,441,6118,15.1,1920,0.94,0,1,1,3.72,3.078,1,1,Соловчик
441,442,5314,12.2,1706,0.88,0,1,1,3.21,3.076,1,0,Соловчик
442,443,6755,15.2,1785,0.93,1,1,0,3.7,3.076,0,1,Буйный
443,444,5450,14.4,1782,0.88,1,0,0,3.21,3.078,1,0,Буйный
444,445,6827,16.3,1855,0.94,1,1,0,3.71,3.074,1,1,Буйный
445,446,5417,14.2,1853,0.88,0,1,1,3.61,3.078,1,0,Барин
446,447,6753,14.3,2080,0.93,1,1,0,3.72,3.077,0,1,Геркулес
447,448,5769,13.5,1662,0.88,0,0,1,3.33,3.075,0,0,Барин
448,449,6741,15.3,2233,0.94,1,1,0,3.71,3.073,1,1,Буйный
449,450,6574,15.8,1999,0.94,1,0,0,3.72,3.075,1,1,Буйный
450,451,6030,13.8,1801,0.94,0,0,0,3.61,3.08,0,1,Буйный
451,452,6997,15.4,2002,0.94,1,1,0,3.71,3.072,0,1,Буйный
452,453,5774,12.0,1788,0.88,0,1,0,3.33,3.08,0,1,Буйный
453,454,5583,12.4,1664,0.88,1,0,1,3.33,3.077,1,0,Барин
454,455,6376,15.2,2046,0.94,1,1,1,3.72,3.075,1,1,Барин
455,456,6322,15.2,1971,0.94,0,0,0,3.71,3.075,1,1,Геркулес
456,457,5288,11.1,1925,0.88,1,0,1,3.33,3.074,0,0,Барин
457,458,6254,15.7,2193,0.94,1,1,1,3.72,3.075,1,1,Барин
458,459,5806,13.1,1810,0.88,0,0,0,3.61,3.073,1,1,Геркулес
459,460,6564,16.2,2336,0.94,1,0,1,3.72,3.073,0,1,Соловчик
460,461,6084,14.7,2159,0.94,0,0,1,3.72,3.075,0,1,Соловчик
461,462,6288,15.9,2020,0.93,1,1,1,3.71,3.072,0,1,Барин
462,463,6345,16.1,1958,0.93,1,1,1,3.71,3.073,0,1,Соловчик
463,464,6420,16.2,2002,0.95,1,1,1,3.72,3.081,1,1,Барин
464,465,6788,15.7,1893,0.93,1,0,0,3.7,3.071,0,1,Буйный
465,466,6977,16.3,2146,0.93,1,1,0,3.71,3.074,0,1,Геркулес
466,467,5722,15.0,1716,0.89,0,1,1,3.61,3.076,1,1,Соловчик
467,468,5692,14.1,1809,0.89,1,1,1,3.61,3.076,1,1,Барин
468,469,6469,15.9,1834,0.94,0,1,0,3.62,3.076,1,1,Геркулес
469,470,5654,14.2,1803,0.88,0,0,0,3.49,3.081,1,1,Буйный
470,471,5638,13.1,2018,0.88,0,0,1,3.62,3.077,1,1,Соловчик
471,472,5883,14.9,2159,0.89,0,0,1,3.62,3.085,1,1,Соловчик
472,473,6547,13.7,2341,0.94,0,1,0,3.72,3.079,1,1,Буйный
473,474,6197,14.7,1795,0.94,0,0,0,3.62,3.075,0,1,Буйный
474,475,6605,15.7,2020,0.94,1,0,0,3.72,3.073,0,1,Буйный
475,476,5708,13.2,1921,0.85,1,0,0,3.62,3.079,0,1,Буйный
476,477,5288,13.7,1753,0.85,1,1,1,3.28,3.074,0,0,Барин
477,478,6282,15.3,1995,0.94,0,0,0,3.62,3.077,1,1,Геркулес
478,479,5882,12.8,1746,0.85,0,0,1,3.41,3.077,0,1,Барин
479,480,5535,11.8,1683,0.84,0,0,1,3.22,3.077,0,0,Барин
480,481,6720,14.8,1846,0.94,0,1,0,3.73,3.079,1,1,Буйный
481,482,6742,14.7,1860,0.93,1,1,0,3.7,3.072,0,1,Буйный
482,483,5961,14.2,1971,0.89,1,0,1,3.62,3.072,0,1,Барин
483,484,6583,15.3,2205,0.94,1,0,0,3.72,3.071,0,1,Буйный
484,485,6132,15.2,1849,0.94,1,1,1,3.71,3.075,1,1,Барин
485,486,5986,13.8,1890,0.85,0,1,0,3.62,3.08,0,1,Буйный
486,487,5667,15.3,1666,0.89,0,1,1,3.62,3.076,1,1,Барин
487,488,6005,13.5,1842,0.94,1,0,0,3.62,3.073,0,1,Буйный
488,489,6702,15.9,2046,0.93,1,0,0,3.71,3.072,0,1,Буйный
489,490,6372,15.1,2163,0.94,1,1,1,3.73,3.076,1,1,Соловчик
490,491,5842,13.2,1836,0.85,1,1,0,3.28,3.076,1,1,Буйный
491,492,5863,13.9,1994,0.89,1,0,1,3.62,3.076,0,1,Барин
492,493,5848,13.1,1791,0.88,1,0,0,3.62,3.072,1,1,Геркулес
493,494,5477,13.3,1854,0.85,0,0,1,3.62,3.074,0,0,Соловчик
494,495,5315,12.7,1706,0.85,0,1,1,3.35,3.075,0,0,Барин
495,496,5411,13.2,1985,0.85,0,0,1,3.62,3.078,0,0,Соловчик
496,497,5802,14.3,1779,0.88,1,0,1,3.62,3.074,1,1,Барин
497,498,6584,16.4,2346,0.95,1,0,1,3.73,3.078,0,1,Барин
498,499,5988,13.3,1784,0.85,1,1,0,3.62,3.075,0,1,Буйный
499,500,6601,15.4,1963,0.94,1,0,0,3.71,3.076,1,1,Буйный
500,501,5746,15.4,1740,0.89,1,1,1,3.62,3.074,1,1,Барин
501,502,5374,12.6,1784,0.85,1,1,1,3.21,3.077,0,0,Барин
502,503,5416,13.1,1792,0.85,0,1,1,3.63,3.072,1,0,Соловчик
503,504,7113,16.7,1921,0.95,0,1,0,3.72,3.077,1,1,Буйный
504,505,5995,13.8,1678,0.85,0,1,0,3.63,3.077,0,1,Геркулес
505,506,6460,15.3,1680,0.93,0,0,0,3.73,3.075,1,1,Геркулес
506,507,6129,15.3,1931,0.94,0,0,0,3.63,3.073,1,1,Буйный
507,508,6582,14.6,1975,0.93,0,0,0,3.72,3.071,1,1,Буйный
508,509,6498,16.5,2123,0.94,1,1,1,3.7,3.074,1,1,Соловчик
509,510,6232,16.1,2301,0.95,0,0,1,3.74,3.079,1,1,Барин
510,511,5671,15.0,1844,0.89,1,1,1,3.63,3.076,1,1,Барин
511,512,5632,13.2,1995,0.85,0,1,1,3.42,3.075,1,0,Барин
512,513,6122,13.4,1843,0.93,0,0,1,3.32,3.076,0,0,Барин
513,514,6262,14.0,1708,0.93,1,1,0,3.63,3.072,0,1,Буйный
514,515,6415,15.3,1865,0.94,1,0,0,3.72,3.076,0,1,Буйный
515,516,6542,15.9,2231,0.94,1,0,0,3.72,3.073,1,1,Буйный
516,517,5650,11.9,2200,0.85,0,1,0,3.23,3.079,1,1,Буйный
517,518,5819,13.7,1968,0.84,0,1,0,3.15,3.085,1,1,Буйный
518,519,6361,15.2,2206,0.94,1,0,1,3.72,3.078,0,1,Барин
519,520,5967,13.6,1873,0.84,0,1,0,3.63,3.073,0,1,Буйный
520,521,5703,15.3,2198,0.89,0,1,1,3.63,3.077,1,1,Соловчик
521,522,5266,12.9,1697,0.84,1,1,1,3.72,3.077,0,0,Барин
522,523,5347,14.1,1698,0.84,1,1,1,3.37,3.071,0,0,Барин
523,524,5984,15.1,1912,0.89,1,0,1,3.72,3.076,1,1,Соловчик
524,525,6975,15.5,1984,0.93,1,1,0,3.72,3.075,0,1,Буйный
525,526,5897,13.7,1689,0.88,1,1,1,3.63,3.074,0,1,Барин
526,527,5734,15.3,1780,0.88,1,0,1,3.63,3.072,1,1,Барин
527,528,6890,15.9,2164,0.94,1,1,0,3.72,3.072,1,1,Буйный
528,529,5594,13.5,1811,0.89,0,0,1,3.63,3.079,0,0,Соловчик
529,530,6642,15.7,1984,0.94,0,0,0,3.72,3.072,1,1,Буйный
530,531,6618,16.5,2218,0.95,0,0,0,3.74,3.079,1,1,Буйный
531,532,5836,14.4,1837,0.88,1,1,1,3.63,3.077,0,1,Барин
532,533,5772,15.4,1713,0.89,1,1,1,3.63,3.076,1,1,Соловчик
533,534,5863,15.4,1660,0.88,1,1,1,3.63,3.07,0,1,Соловчик
534,535,6660,14.8,1764,0.93,0,1,0,3.72,3.079,0,1,Геркулес
535,536,6756,16.2,1911,0.94,0,1,0,3.71,3.078,1,1,Геркулес
536,537,5446,14.1,1994,0.84,1,1,1,3.63,3.075,1,0,Барин
537,538,5768,15.3,1974,0.89,1,0,1,3.63,3.075,1,1,Барин
538,539,5597,12.8,1903,0.88,0,0,1,3.63,3.078,0,0,Соловчик
539,540,6280,15.8,2025,0.94,1,1,1,3.72,3.078,1,1,Барин
540,541,5823,14.4,1858,0.89,1,0,1,3.63,3.075,1,1,Барин
541,542,5671,12.1,1835,0.84,1,1,0,3.33,3.075,0,1,Буйный
542,543,6670,14.5,1769,0.93,0,1,0,3.73,3.076,0,1,Геркулес
543,544,6643,15.1,1910,0.94,1,1,0,3.71,3.076,1,1,Буйный
544,545,5380,12.4,1875,0.84,1,0,1,3.63,3.073,0,0,Барин
545,546,6536,14.6,1700,0.94,0,0,0,3.71,3.076,0,1,Буйный
546,547,6452,15.5,2330,0.95,0,0,1,3.73,3.078,0,1,Барин
547,548,6368,16.3,2117,0.93,0,0,1,3.71,3.075,0,1,Соловчик
548,549,6688,14.8,1727,0.93,0,1,0,3.72,3.074,0,1,Буйный
549,550,6844,16.3,2339,0.94,1,1,0,3.71,3.08,1,1,Буйный
550,551,6406,14.7,1979,0.94,1,0,0,3.71,3.075,0,1,Буйный
551,552,5392,13.9,1800,0.86,1,1,1,3.63,3.076,1,0,Барин
552,553,6508,14.8,2064,0.93,1,1,0,3.63,3.07,0,1,Буйный
553,554,5467,12.2,1662,0.86,1,0,1,3.63,3.071,0,0,Барин
554,555,5686,14.7,1712,0.86,1,1,0,3.01,3.074,1,1,Буйный
555,556,6427,16.6,2125,0.94,1,1,1,3.71,3.076,1,1,Барин
556,557,6207,14.7,1700,0.93,0,1,0,3.63,3.076,0,1,Буйный
557,558,6214,13.9,1959,0.93,1,1,0,3.63,3.078,0,1,Буйный
558,559,5346,12.4,1837,0.86,1,1,1,3.01,3.078,0,0,Барин
559,560,5764,13.8,2051,0.88,1,1,1,3.63,3.074,0,1,Барин
560,561,6517,13.4,2199,0.94,1,0,1,3.73,3.075,0,1,Соловчик
561,562,5300,13.0,1785,0.86,0,0,1,2.99,3.077,0,0,Соловчик
562,563,5973,15.4,1707,0.89,1,0,1,3.63,3.074,1,1,Соловчик
563,564,7055,16.3,2177,0.95,0,1,0,3.73,3.078,1,1,Буйный
564,565,5542,11.9,1662,0.84,0,0,1,3.28,3.074,0,0,Барин
565,566,6799,16.1,1973,0.94,0,0,0,3.71,3.076,0,1,Геркулес
566,567,6468,15.8,1746,0.94,0,0,0,3.73,3.077,1,1,Буйный
567,568,6716,15.5,2142,0.94,0,0,0,3.73,3.077,0,1,Геркулес
568,569,5989,13.2,1721,0.86,0,1,1,2.99,3.076,1,0,Соловчик
569,570,6819,16.5,2149,0.95,1,0,0,3.73,3.076,1,1,Буйный
570,571,6564,15.6,1936,0.94,1,0,1,3.73,3.073,0,1,Барин
571,572,6271,15.6,2152,0.94,0,1,1,3.73,3.078,1,1,Соловчик
572,573,6410,16.2,1762,0.94,1,1,1,3.72,3.075,1,1,Барин
573,574,6246,13.3,1754,0.93,1,1,0,3.64,3.077,0,1,Буйный
574,575,6156,14.6,1955,0.94,1,1,1,3.73,3.077,1,1,Барин
575,576,6013,13.4,1900,0.94,0,0,0,3.64,3.078,0,1,Буйный
576,577,5376,11.7,1825,0.86,1,0,1,2.99,3.076,0,0,Соловчик
577,578,6248,15.3,1946,0.94,0,0,0,3.64,3.077,1,1,Буйный
578,579,5235,12.2,1724,0.86,1,1,1,3.28,3.078,0,0,Барин
579,580,5469,11.9,1876,0.86,0,1,1,3.64,3.076,1,0,Барин
580,581,6097,15.5,2028,0.94,0,1,1,3.71,3.075,1,1,Барин
581,582,5573,10.9,1955,0.84,0,1,1,3.39,3.079,1,0,Барин
582,583,5980,13.9,1776,0.88,0,1,0,3.64,3.076,1,1,Геркулес
583,584,5466,14.8,1673,0.88,0,0,0,3.28,3.078,1,0,Буйный
584,585,6530,16.7,2070,0.95,1,1,1,3.72,3.071,1,1,Барин
585,586,5751,13.5,1684,0.88,1,0,1,3.64,3.071,0,1,Барин
586,587,5492,12.7,1669,0.88,0,0,0,3.38,3.079,0,0,Буйный
587,588,5610,14.7,1671,0.88,0,0,0,3.18,3.079,0,1,Буйный
588,589,6334,16.0,1848,0.93,0,1,1,3.73,3.078,0,1,Барин
589,590,5213,12.1,2016,0.88,1,0,1,3.19,3.076,0,0,Барин
590,591,6081,15.0,1868,0.94,0,1,0,3.64,3.08,1,1,Буйный
591,592,5520,11.9,1785,0.88,0,0,1,3.12,3.073,0,0,Соловчик
592,593,6512,16.4,1930,0.94,1,1,1,3.71,3.073,1,1,Соловчик
593,594,7174,16.7,2318,0.95,1,1,0,3.72,3.074,1,1,Буйный
594,595,6053,13.8,1753,0.93,1,0,0,3.64,3.074,1,1,Буйный
595,596,5544,13.5,2033,0.89,0,1,1,3.64,3.079,1,0,Барин
596,597,6221,16.4,1947,0.95,0,0,1,3.72,3.078,1,1,Барин
597,598,5844,15.5,1872,0.89,0,1,1,3.64,3.079,1,1,Соловчик
598,599,6584,16.4,2309,0.94,1,1,1,3.72,3.076,1,1,Барин
599,600,6968,16.4,2041,0.95,1,1,0,3.71,3.075,1,1,Буйный
600,601,6229,15.6,2133,0.94,1,1,1,3.72,3.075,1,1,Барин
601,602,6188,13.7,1744,0.94,0,1,0,3.64,3.079,1,1,Буйный
602,603,5594,12.3,1742,0.88,0,0,0,3.11,3.077,1,0,Геркулес
603,604,6289,13.4,1899,0.94,0,0,0,3.73,3.076,1,1,Буйный
604,605,6269,15.9,1918,0.94,1,1,1,3.71,3.076,1,1,Барин
605,606,6341,15.7,1923,0.94,1,1,1,3.73,3.078,1,1,Соловчик
606,607,6836,15.8,2015,0.93,1,1,0,3.7,3.073,0,1,Буйный
607,608,5639,13.4,1668,0.88,0,1,1,3.64,3.078,0,1,Соловчик
608,609,6405,15.6,1787,0.93,0,1,1,3.73,3.077,0,1,Соловчик
609,610,5439,13.5,1702,0.88,0,0,0,3.55,3.074,0,0,Буйный
610,611,6480,16.4,2130,0.94,1,1,1,3.71,3.074,1,1,Барин
611,612,5788,13.4,1914,0.89,0,1,1,3.64,3.078,1,1,Барин
612,613,6139,14.6,1967,0.94,0,0,0,3.64,3.08,1,1,Буйный
613,614,6080,14.5,1826,0.94,1,0,1,3.71,3.072,0,1,Соловчик
614,615,5741,12.9,1749,0.88,1,1,0,3.44,3.076,1,1,Буйный
615,616,6805,14.9,1863,0.93,1,1,0,3.71,3.077,0,1,Буйный
616,617,7052,15.8,1847,0.93,1,1,0,3.72,3.076,0,1,Буйный
617,618,6395,14.4,2121,0.93,0,1,0,3.64,3.074,0,1,Геркулес
618,619,6692,15.8,2028,0.94,0,0,0,3.73,3.079,1,1,Буйный
619,620,6211,14.2,1743,0.93,1,0,1,3.72,3.073,0,1,Соловчик
620,621,6813,14.5,1712,0.96,1,0,0,3.72,3.075,1,1,Буйный
621,622,6201,14.3,1840,0.94,0,0,0,3.64,3.08,0,1,Буйный
622,623,6357,14.2,1701,0.93,1,1,1,3.33,3.076,0,1,Барин
623,624,5928,13.6,1832,0.88,1,1,1,3.64,3.077,0,1,Барин
624,625,6812,15.4,1964,0.94,1,0,0,3.74,3.075,0,1,Буйный
625,626,5513,12.9,1700,0.88,1,0,1,3.64,3.073,1,0,Барин
626,627,5970,14.4,1837,0.88,1,1,1,3.64,3.075,0,1,Барин
627,628,5746,13.8,1994,0.89,1,0,1,3.64,3.077,1,1,Барин
628,629,6503,16.2,2283,0.94,0,1,1,3.71,3.076,1,1,Соловчик
